,Unnamed: 0,title,price,enterprise,link
0,0,60 متری دو خواب خوش نقشه,"۱,۶۵۰,۰۰۰,۰۰۰ تومان",آژانس املاک در شهرک ولیعصر,https://divar.ir/v/60-%D9%85%D8%AA%D8%B1%DB%8C-%D8%AF%D9%88-%D8%AE%D9%88%D8%A7%D8%A8-%D8%AE%D9%88%D8%B4-%D9%86%D9%82%D8%B4%D9%87_%D8%A2%D9%BE%D8%A7%D8%B1%D8%AA%D9%85%D8%A7%D9%86_%D8%AA%D9%87%D8%B1%D8%A7%D9%86_%D8%B4%D9%87%D8%B1%DA%A9-%D9%88%D9%84%DB%8C%D8%B9%D8%B5%D8%B1_%D8%AF%DB%8C%D9%88%D8%A7%D8%B1/wYA0JcnO
1,1,۵۷متر ،جیحون ، دامپزشکی,"۱,۵۵۰,۰۰۰,۰۰۰ تومان",مشاور املاک در جیحون,https://divar.ir/v/%DB%B5%DB%B7%D9%85%D8%AA%D8%B1-%D8%AC%DB%8C%D8%AD%D9%88%D9%86-%D8%AF%D8%A7%D9%85%D9%BE%D8%B2%D8%B4%DA%A9%DB%8C_%D8%A2%D9%BE%D8%A7%D8%B1%D8%AA%D9%85%D8%A7%D9%86_%D8%AA%D9%87%D8%B1%D8%A7%D9%86_%D8%AC%DB%8C%D8%AD%D9%88%D9%86_%D8%AF%DB%8C%D9%88%D8%A7%D8%B1/wYAU6Tym
4,4,62متر/دوخواب,"۱,۶۰۰,۰۰۰,۰۰۰ تومان",مشاور املاک در جیحون,https://divar.ir/v/62%D9%85%D8%AA%D8%B1-%D8%AF%D9%88%D8%AE%D9%88%D8%A7%D8%A8_%D8%A2%D9%BE%D8%A7%D8%B1%D8%AA%D9%85%D8%A7%D9%86_%D8%AA%D9%87%D8%B1%D8%A7%D9%86_%D8%AC%DB%8C%D8%AD%D9%88%D9%86_%D8%AF%DB%8C%D9%88%D8%A7%D8%B1/wYBAuHM0
5,5,۶۱متر/انباری /خوش نقشه گذر پهن,"۱,۶۳۰,۰۰۰,۰۰۰ تومان",آژانس املاک در استاد معین,https://divar.ir/v/%DB%B6%DB%B1%D9%85%D8%AA%D8%B1-%D8%A7%D9%86%D8%A8%D8%A7%D8%B1%DB%8C-%D8%AE%D9%88%D8%B4-%D9%86%D9%82%D8%B4%D9%87-%DA%AF%D8%B0%D8%B1-%D9%BE%D9%87%D9%86_%D8%A2%D9%BE%D8%A7%D8%B1%D8%AA%D9%85%D8%A7%D9%86_%D8%AA%D9%87%D8%B1%D8%A7%D9%86_%D8%A7%D8%B3%D8%AA%D8%A7%D8%AF-%D9%85%D8%B9%DB%8C%D9%86_%D8%AF%DB%8C%D9%88%D8%A7%D8%B1/wYCMRp-4
6,6,۶۰متر/دو خواب/سالن مربع/تکواحدی/استادمعین,"۱,۶۳۰,۰۰۰,۰۰۰ تومان",آژانس املاک در شهید دستغیب,https://divar.ir/v/%DB%B6%DB%B0%D9%85%D8%AA%D8%B1-%D8%AF%D9%88-%D8%AE%D9%88%D8%A7%D8%A8-%D8%B3%D8%A7%D9%84%D9%86-%D9%85%D8%B1%D8%A8%D8%B9-%D8%AA%DA%A9%D9%88%D8%A7%D8%AD%D8%AF%DB%8C-%D8%A7%D8%B3%D8%AA%D8%A7%D8%AF%D9%85%D8%B9%DB%8C%D9%86_%D8%A2%D9%BE%D8%A7%D8%B1%D8%AA%D9%85%D8%A7%D9%86_%D8%AA%D9%87%D8%B1%D8%A7%D9%86_%D8%B4%D9%87%DB%8C%D8%AF-%D8%AF%D8%B3%D8%AA%D8%BA%DB%8C%D8%A8_%D8%AF%DB%8C%D9%88%D8%A7%D8%B1/wYCwRIHq
7,7,۶۰ متر دو خواب مرتضوی,"۱,۶۵۰,۰۰۰,۰۰۰ تومان",آژانس املاک در سلسبیل,https://divar.ir/v/%DB%B6%DB%B0-%D9%85%D8%AA%D8%B1-%D8%AF%D9%88-%D8%AE%D9%88%D8%A7%D8%A8-%D9%85%D8%B1%D8%AA%D8%B6%D9%88%DB%8C_%D8%A2%D9%BE%D8%A7%D8%B1%D8%AA%D9%85%D8%A7%D9%86_%D8%AA%D9%87%D8%B1%D8%A7%D9%86_%D8%B3%D9%84%D8%B3%D8%A8%DB%8C%D9%84_%D8%AF%DB%8C%D9%88%D8%A7%D8%B1/wYCIE0VW
9,9,۶۳ متر / دو خواب / کشمشی/ خ قدرت پاکی,"۱,۵۰۰,۰۰۰,۰۰۰ تومان",آژانس املاک در آذری,https://divar.ir/v/%DB%B6%DB%B3-%D9%85%D8%AA%D8%B1-%D8%AF%D9%88-%D8%AE%D9%88%D8%A7%D8%A8-%DA%A9%D8%B4%D9%85%D8%B4%DB%8C-%D8%AE-%D9%82%D8%AF%D8%B1%D8%AA-%D9%BE%D8%A7%DA%A9%DB%8C_%D8%A2%D9%BE%D8%A7%D8%B1%D8%AA%D9%85%D8%A7%D9%86_%D8%AA%D9%87%D8%B1%D8%A7%D9%86_%D8%A2%D8%B0%D8%B1%DB%8C_%D8%AF%DB%8C%D9%88%D8%A7%D8%B1/wYD4SHdX
10,10,60متری/همکف/بازسازی شده خوش نقشه,"۱,۶۵۰,۰۰۰,۰۰۰ تومان",۴ هفته پیش در زاهد گیلانی,https://divar.ir/v/60%D9%85%D8%AA%D8%B1%DB%8C-%D9%87%D9%85%DA%A9%D9%81-%D8%A8%D8%A7%D8%B2%D8%B3%D8%A7%D8%B2%DB%8C-%D8%B4%D8%AF%D9%87-%D8%AE%D9%88%D8%B4-%D9%86%D9%82%D8%B4%D9%87_%D8%A2%D9%BE%D8%A7%D8%B1%D8%AA%D9%85%D8%A7%D9%86_%D8%AA%D9%87%D8%B1%D8%A7%D9%86_%D8%B2%D8%A7%D9%87%D8%AF-%DA%AF%DB%8C%D9%84%D8%A7%D9%86%DB%8C_%D8%AF%DB%8C%D9%88%D8%A7%D8%B1/wYDs0Qt3
12,12,56متری طبقه اول(بین سلسبیل و خوش),"۱,۵۳۰,۰۰۰,۰۰۰ تومان",۴ هفته پیش در سلسبیل,https://divar.ir/v/56%D9%85%D8%AA%D8%B1%DB%8C-%D8%B7%D8%A8%D9%82%D9%87-%D8%A7%D9%88%D9%84-%D8%A8%DB%8C%D9%86-%D8%B3%D9%84%D8%B3%D8%A8%DB%8C%D9%84-%D9%88-%D8%AE%D9%88%D8%B4-_%D8%A2%D9%BE%D8%A7%D8%B1%D8%AA%D9%85%D8%A7%D9%86_%D8%AA%D9%87%D8%B1%D8%A7%D9%86_%D8%B3%D9%84%D8%B3%D8%A8%DB%8C%D9%84_%D8%AF%DB%8C%D9%88%D8%A7%D8%B1/wYD0HWGF
14,14,۶۴متر.۱۰دقیقه تا مترو فرهنگسرا,"۱,۵۷۰,۰۰۰,۰۰۰ تومان",آژانس املاک در جوادیه تهرانپارس,https://divar.ir/v/%DB%B6%DB%B4%D9%85%D8%AA%D8%B1-%DB%B1%DB%B0%D8%AF%D9%82%DB%8C%D9%82%D9%87-%D8%AA%D8%A7-%D9%85%D8%AA%D8%B1%D9%88-%D9%81%D8%B1%D9%87%D9%86%DA%AF%D8%B3%D8%B1%D8%A7_%D8%A2%D9%BE%D8%A7%D8%B1%D8%AA%D9%85%D8%A7%D9%86_%D8%AA%D9%87%D8%B1%D8%A7%D9%86_%D8%AC%D9%88%D8%A7%D8%AF%DB%8C%D9%87-%D8%AA%D9%87%D8%B1%D8%A7%D9%86%D9%BE%D8%A7%D8%B1%D8%B3_%D8%AF%DB%8C%D9%88%D8%A7%D8%B1/wYDwpDNj
15,0,آپارتمان. 62متری.ویو,"۱,۶۵۰,۰۰۰,۰۰۰ تومان",۳ هفته پیش در سرآسیاب مهرآباد,https://divar.ir/v/%D8%A2%D9%BE%D8%A7%D8%B1%D8%AA%D9%85%D8%A7%D9%86-62%D9%85%D8%AA%D8%B1%DB%8C-%D9%88%DB%8C%D9%88_%D8%A2%D9%BE%D8%A7%D8%B1%D8%AA%D9%85%D8%A7%D9%86_%D8%AA%D9%87%D8%B1%D8%A7%D9%86_%D8%B3%D8%B1%D8%A2%D8%B3%DB%8C%D8%A7%D8%A8-%D9%85%D9%87%D8%B1%D8%A2%D8%A8%D8%A7%D8%AF_%D8%AF%DB%8C%D9%88%D8%A7%D8%B1/wYNMRTLq
16,1,۶۰متر/ تک واحدی / بازسازی شده,"۱,۶۰۰,۰۰۰,۰۰۰ تومان",آژانس املاک در عارف,https://divar.ir/v/%DB%B6%DB%B0%D9%85%D8%AA%D8%B1-%D8%AA%DA%A9-%D9%88%D8%A7%D8%AD%D8%AF%DB%8C-%D8%A8%D8%A7%D8%B2%D8%B3%D8%A7%D8%B2%DB%8C-%D8%B4%D8%AF%D9%87_%D8%A2%D9%BE%D8%A7%D8%B1%D8%AA%D9%85%D8%A7%D9%86_%D8%AA%D9%87%D8%B1%D8%A7%D9%86_%D8%B9%D8%A7%D8%B1%D9%81_%D8%AF%DB%8C%D9%88%D8%A7%D8%B1/wYNUbCnh
17,2,( ( فــروش ۵۸متــری با پارکینـگ ) ),"۱,۶۳۰,۰۰۰,۰۰۰ تومان",آژانس املاک در جیحون,https://divar.ir/v/%D9%81%D9%80%D9%80%D8%B1%D9%88%D8%B4-%DB%B5%DB%B8%D9%85%D8%AA%D9%80%D9%80%D8%B1%DB%8C-%D8%A8%D8%A7-%D9%BE%D8%A7%D8%B1%DA%A9%DB%8C%D9%86%D9%80%DA%AF-_%D8%A2%D9%BE%D8%A7%D8%B1%D8%AA%D9%85%D8%A7%D9%86_%D8%AA%D9%87%D8%B1%D8%A7%D9%86_%D8%AC%DB%8C%D8%AD%D9%88%D9%86_%D8%AF%DB%8C%D9%88%D8%A7%D8%B1/wYLcRzJX
18,3,57متری خوش نقشه دامپزشکی قصرالدشت,"۱,۶۰۰,۰۰۰,۰۰۰ تومان",آژانس املاک در سلسبیل,https://divar.ir/v/57%D9%85%D8%AA%D8%B1%DB%8C-%D8%AE%D9%88%D8%B4-%D9%86%D9%82%D8%B4%D9%87-%D8%AF%D8%A7%D9%85%D9%BE%D8%B2%D8%B4%DA%A9%DB%8C-%D9%82%D8%B5%D8%B1%D8%A7%D9%84%D8%AF%D8%B4%D8%AA_%D8%A2%D9%BE%D8%A7%D8%B1%D8%AA%D9%85%D8%A7%D9%86_%D8%AA%D9%87%D8%B1%D8%A7%D9%86_%D8%B3%D9%84%D8%B3%D8%A8%DB%8C%D9%84_%D8%AF%DB%8C%D9%88%D8%A7%D8%B1/wYNsb59D
19,4,۵۶متر /دو خواب / قصرالدشت/خ دامپزشکی,"۱,۶۵۰,۰۰۰,۰۰۰ تومان",مشاور املاک در آذربایجان,https://divar.ir/v/%DB%B5%DB%B6%D9%85%D8%AA%D8%B1-%D8%AF%D9%88-%D8%AE%D9%88%D8%A7%D8%A8-%D9%82%D8%B5%D8%B1%D8%A7%D9%84%D8%AF%D8%B4%D8%AA-%D8%AE-%D8%AF%D8%A7%D9%85%D9%BE%D8%B2%D8%B4%DA%A9%DB%8C_%D8%A2%D9%BE%D8%A7%D8%B1%D8%AA%D9%85%D8%A7%D9%86_%D8%AA%D9%87%D8%B1%D8%A7%D9%86_%D8%A2%D8%B0%D8%B1%D8%A8%D8%A7%DB%8C%D8%AC%D8%A7%D9%86_%D8%AF%DB%8C%D9%88%D8%A7%D8%B1/wYNA_ScJ
20,5,آپارتمان دو خوابه 56 متری,"۱,۵۷۰,۰۰۰,۰۰۰ تومان",۳ هفته پیش در دلگشا,https://divar.ir/v/%D8%A2%D9%BE%D8%A7%D8%B1%D8%AA%D9%85%D8%A7%D9%86-%D8%AF%D9%88-%D8%AE%D9%88%D8%A7%D8%A8%D9%87-56-%D9%85%D8%AA%D8%B1%DB%8C_%D8%A2%D9%BE%D8%A7%D8%B1%D8%AA%D9%85%D8%A7%D9%86_%D8%AA%D9%87%D8%B1%D8%A7%D9%86_%D8%AF%D9%84%DA%AF%D8%B4%D8%A7_%D8%AF%DB%8C%D9%88%D8%A7%D8%B1/wYNY_w5x
21,6,55 متر، 2 خواب، پارکینگ دار ،30 متر حیاط اختصاصی,"۱,۵۰۰,۰۰۰,۰۰۰ تومان",آژانس املاک در جیحون,https://divar.ir/v/55-%D9%85%D8%AA%D8%B1-2-%D8%AE%D9%88%D8%A7%D8%A8-%D9%BE%D8%A7%D8%B1%DA%A9%DB%8C%D9%86%DA%AF-%D8%AF%D8%A7%D8%B1-30-%D9%85%D8%AA%D8%B1-%D8%AD%DB%8C%D8%A7%D8%B7-%D8%A7%D8%AE%D8%AA%D8%B5%D8%A7%D8%B5%DB%8C_%D8%A2%D9%BE%D8%A7%D8%B1%D8%AA%D9%85%D8%A7%D9%86_%D8%AA%D9%87%D8%B1%D8%A7%D9%86_%D8%AC%DB%8C%D8%AD%D9%88%D9%86_%D8%AF%DB%8C%D9%88%D8%A7%D8%B1/gY4nuFvz
23,8,آپارتمان ۶۲ متر ۲خوابه,"۱,۶۵۰,۰۰۰,۰۰۰ تومان",۳ هفته پیش در امیر بهادر,https://divar.ir/v/%D8%A2%D9%BE%D8%A7%D8%B1%D8%AA%D9%85%D8%A7%D9%86-%DB%B6%DB%B2-%D9%85%D8%AA%D8%B1-%DB%B2%D8%AE%D9%88%D8%A7%D8%A8%D9%87_%D8%A2%D9%BE%D8%A7%D8%B1%D8%AA%D9%85%D8%A7%D9%86_%D8%AA%D9%87%D8%B1%D8%A7%D9%86_%D8%A7%D9%85%DB%8C%D8%B1-%D8%A8%D9%87%D8%A7%D8%AF%D8%B1_%D8%AF%DB%8C%D9%88%D8%A7%D8%B1/wYOkwemE
24,9,56متر 2خواب دامپزشکی قصرالدشت بدون مشابه,"۱,۶۵۰,۰۰۰,۰۰۰ تومان",آژانس املاک در سلسبیل,https://divar.ir/v/56%D9%85%D8%AA%D8%B1-2%D8%AE%D9%88%D8%A7%D8%A8-%D8%AF%D8%A7%D9%85%D9%BE%D8%B2%D8%B4%DA%A9%DB%8C-%D9%82%D8%B5%D8%B1%D8%A7%D9%84%D8%AF%D8%B4%D8%AA-%D8%A8%D8%AF%D9%88%D9%86-%D9%85%D8%B4%D8%A7%D8%A8%D9%87_%D8%A2%D9%BE%D8%A7%D8%B1%D8%AA%D9%85%D8%A7%D9%86_%D8%AA%D9%87%D8%B1%D8%A7%D9%86_%D8%B3%D9%84%D8%B3%D8%A8%DB%8C%D9%84_%D8%AF%DB%8C%D9%88%D8%A7%D8%B1/wYN4PvXl
26,11,۶۲.۲متر/خوش نقشه/آسانسور دار/بدون مشابه خوش,"۱,۵۹۵,۰۰۰,۰۰۰ تومان",آژانس املاک در هفت چنار,https://divar.ir/v/%DB%B6%DB%B2-%DB%B2%D9%85%D8%AA%D8%B1-%D8%AE%D9%88%D8%B4-%D9%86%D9%82%D8%B4%D9%87-%D8%A2%D8%B3%D8%A7%D9%86%D8%B3%D9%88%D8%B1-%D8%AF%D8%A7%D8%B1-%D8%A8%D8%AF%D9%88%D9%86-%D9%85%D8%B4%D8%A7%D8%A8%D9%87-%D8%AE%D9%88%D8%B4_%D8%A2%D9%BE%D8%A7%D8%B1%D8%AA%D9%85%D8%A7%D9%86_%D8%AA%D9%87%D8%B1%D8%A7%D9%86_%D9%87%D9%81%D8%AA-%DA%86%D9%86%D8%A7%D8%B1_%D8%AF%DB%8C%D9%88%D8%A7%D8%B1/wYPgESfn
27,12,۶۰ متردوخواب خوش نقشه بازسازی شده کارون هاشمی,"۱,۵۷۵,۰۰۰,۰۰۰ تومان",آژانس املاک در آذربایجان,https://divar.ir/v/%DB%B6%DB%B0-%D9%85%D8%AA%D8%B1%D8%AF%D9%88%D8%AE%D9%88%D8%A7%D8%A8-%D8%AE%D9%88%D8%B4-%D9%86%D9%82%D8%B4%D9%87-%D8%A8%D8%A7%D8%B2%D8%B3%D8%A7%D8%B2%DB%8C-%D8%B4%D8%AF%D9%87-%DA%A9%D8%A7%D8%B1%D9%88%D9%86-%D9%87%D8%A7%D8%B4%D9%85%DB%8C_%D8%A2%D9%BE%D8%A7%D8%B1%D8%AA%D9%85%D8%A7%D9%86_%D8%AA%D9%87%D8%B1%D8%A7%D9%86_%D8%A2%D8%B0%D8%B1%D8%A8%D8%A7%DB%8C%D8%AC%D8%A7%D9%86_%D8%AF%DB%8C%D9%88%D8%A7%D8%B1/wYEMFCIT
28,13,۶۰ متر خیابان خرمشهر شمالی نور نقشه,"۱,۵۸۵,۰۰۰,۰۰۰ تومان",آژانس املاک در سلامت,https://divar.ir/v/%DB%B6%DB%B0-%D9%85%D8%AA%D8%B1-%D8%AE%DB%8C%D8%A7%D8%A8%D8%A7%D9%86-%D8%AE%D8%B1%D9%85%D8%B4%D9%87%D8%B1-%D8%B4%D9%85%D8%A7%D9%84%DB%8C-%D9%86%D9%88%D8%B1-%D9%86%D9%82%D8%B4%D9%87_%D8%A2%D9%BE%D8%A7%D8%B1%D8%AA%D9%85%D8%A7%D9%86_%D8%AA%D9%87%D8%B1%D8%A7%D9%86_%D8%B3%D9%84%D8%A7%D9%85%D8%AA_%D8%AF%DB%8C%D9%88%D8%A7%D8%B1/wYQcl1Ul
30,15,۶۲ متر دو خواب فول بازسازی شده,"۱,۵۰۰,۰۰۰,۰۰۰ تومان",آژانس املاک در سلسبیل,https://divar.ir/v/%DB%B6%DB%B2-%D9%85%D8%AA%D8%B1-%D8%AF%D9%88-%D8%AE%D9%88%D8%A7%D8%A8-%D9%81%D9%88%D9%84-%D8%A8%D8%A7%D8%B2%D8%B3%D8%A7%D8%B2%DB%8C-%D8%B4%D8%AF%D9%87_%D8%A2%D9%BE%D8%A7%D8%B1%D8%AA%D9%85%D8%A7%D9%86_%D8%AA%D9%87%D8%B1%D8%A7%D9%86_%D8%B3%D9%84%D8%B3%D8%A8%DB%8C%D9%84_%D8%AF%DB%8C%D9%88%D8%A7%D8%B1/wYQIHCXu
31,0,۶۰ متر دو خواب,"۱,۵۹۰,۰۰۰,۰۰۰ تومان",آژانس املاک در پیروزی,https://divar.ir/v/%DB%B6%DB%B0-%D9%85%D8%AA%D8%B1-%D8%AF%D9%88-%D8%AE%D9%88%D8%A7%D8%A8_%D8%A2%D9%BE%D8%A7%D8%B1%D8%AA%D9%85%D8%A7%D9%86_%D8%AA%D9%87%D8%B1%D8%A7%D9%86_%D9%BE%DB%8C%D8%B1%D9%88%D8%B2%DB%8C_%D8%AF%DB%8C%D9%88%D8%A7%D8%B1/wYmQtuKS
32,1,۵۸ متری ۲ خوابه / محمدیان فخر,"۱,۵۶۰,۰۰۰,۰۰۰ تومان",پریروز در امام حسین(ع),https://divar.ir/v/%DB%B5%DB%B8-%D9%85%D8%AA%D8%B1%DB%8C-%DB%B2-%D8%AE%D9%88%D8%A7%D8%A8%D9%87-%D9%85%D8%AD%D9%85%D8%AF%DB%8C%D8%A7%D9%86-%D9%81%D8%AE%D8%B1_%D8%A2%D9%BE%D8%A7%D8%B1%D8%AA%D9%85%D8%A7%D9%86_%D8%AA%D9%87%D8%B1%D8%A7%D9%86_%D8%A7%D9%85%D8%A7%D9%85-%D8%AD%D8%B3%DB%8C%D9%86-%D8%B9-_%D8%AF%DB%8C%D9%88%D8%A7%D8%B1/wYUo2T3y
33,2,۵۹ متر تک واحدی تخلیه ۱۶ متری امیری سرمایه گذاری,"۱,۶۳۵,۵۵۵,۵۵۵ تومان",آژانس املاک در جی,https://divar.ir/v/%DB%B5%DB%B9-%D9%85%D8%AA%D8%B1-%D8%AA%DA%A9-%D9%88%D8%A7%D8%AD%D8%AF%DB%8C-%D8%AA%D8%AE%D9%84%DB%8C%D9%87-%DB%B1%DB%B6-%D9%85%D8%AA%D8%B1%DB%8C-%D8%A7%D9%85%DB%8C%D8%B1%DB%8C-%D8%B3%D8%B1%D9%85%D8%A7%DB%8C%D9%87-%DA%AF%D8%B0%D8%A7%D8%B1%DB%8C_%D8%A2%D9%BE%D8%A7%D8%B1%D8%AA%D9%85%D8%A7%D9%86_%D8%AA%D9%87%D8%B1%D8%A7%D9%86_%D8%AC%DB%8C_%D8%AF%DB%8C%D9%88%D8%A7%D8%B1/wYRU6G88
34,3,آپارتمان60متری/ 2خواب/ فول امکانات,"۱,۶۰۰,۰۰۰,۰۰۰ تومان",مشاور املاک در اندیشه (شهر زیبا),https://divar.ir/v/%D8%A2%D9%BE%D8%A7%D8%B1%D8%AA%D9%85%D8%A7%D9%8660%D9%85%D8%AA%D8%B1%DB%8C-2%D8%AE%D9%88%D8%A7%D8%A8-%D9%81%D9%88%D9%84-%D8%A7%D9%85%DA%A9%D8%A7%D9%86%D8%A7%D8%AA_%D8%A2%D9%BE%D8%A7%D8%B1%D8%AA%D9%85%D8%A7%D9%86_%D8%AA%D9%87%D8%B1%D8%A7%D9%86_%D8%A7%D9%86%D8%AF%DB%8C%D8%B4%D9%87-%D8%B4%D9%87%D8%B1-%D8%B2%DB%8C%D8%A8%D8%A7-_%D8%AF%DB%8C%D9%88%D8%A7%D8%B1/wYZgKDKv
35,4,آپارتمان 55متری فول امکانات سندتک برگ,"۱,۵۳۰,۰۰۰,۰۰۰ تومان",مشاور املاک در اندیشه (شهر زیبا),https://divar.ir/v/%D8%A2%D9%BE%D8%A7%D8%B1%D8%AA%D9%85%D8%A7%D9%86-55%D9%85%D8%AA%D8%B1%DB%8C-%D9%81%D9%88%D9%84-%D8%A7%D9%85%DA%A9%D8%A7%D9%86%D8%A7%D8%AA-%D8%B3%D9%86%D8%AF%D8%AA%DA%A9-%D8%A8%D8%B1%DA%AF_%D8%A2%D9%BE%D8%A7%D8%B1%D8%AA%D9%85%D8%A7%D9%86_%D8%AA%D9%87%D8%B1%D8%A7%D9%86_%D8%A7%D9%86%D8%AF%DB%8C%D8%B4%D9%87-%D8%B4%D9%87%D8%B1-%D8%B2%DB%8C%D8%A8%D8%A7-_%D8%AF%DB%8C%D9%88%D8%A7%D8%B1/wYnkwc1_
36,5,61 متر / سالن پرده خور / کمیل تقاطع سبحانی,"۱,۵۹۰,۰۰۰,۰۰۰ تومان",آژانس املاک در جی,https://divar.ir/v/61-%D9%85%D8%AA%D8%B1-%D8%B3%D8%A7%D9%84%D9%86-%D9%BE%D8%B1%D8%AF%D9%87-%D8%AE%D9%88%D8%B1-%DA%A9%D9%85%DB%8C%D9%84-%D8%AA%D9%82%D8%A7%D8%B7%D8%B9-%D8%B3%D8%A8%D8%AD%D8%A7%D9%86%DB%8C_%D8%A2%D9%BE%D8%A7%D8%B1%D8%AA%D9%85%D8%A7%D9%86_%D8%AA%D9%87%D8%B1%D8%A7%D9%86_%D8%AC%DB%8C_%D8%AF%DB%8C%D9%88%D8%A7%D8%B1/wYdQG_4z
37,6,آپارتمان بازسازی شده مناسب سکونت و سرمایه گذاری,"۱,۶۴۰,۰۰۰,۰۰۰ تومان",پریروز در زرکش,https://divar.ir/v/%D8%A2%D9%BE%D8%A7%D8%B1%D8%AA%D9%85%D8%A7%D9%86-%D8%A8%D8%A7%D8%B2%D8%B3%D8%A7%D8%B2%DB%8C-%D8%B4%D8%AF%D9%87-%D9%85%D9%86%D8%A7%D8%B3%D8%A8-%D8%B3%DA%A9%D9%88%D9%86%D8%AA-%D9%88-%D8%B3%D8%B1%D9%85%D8%A7%DB%8C%D9%87-%DA%AF%D8%B0%D8%A7%D8%B1%DB%8C_%D8%A2%D9%BE%D8%A7%D8%B1%D8%AA%D9%85%D8%A7%D9%86_%D8%AA%D9%87%D8%B1%D8%A7%D9%86_%D8%B2%D8%B1%DA%A9%D8%B4_%D8%AF%DB%8C%D9%88%D8%A7%D8%B1/wYn4RgIU
38,7,۶۱متر ۲خوابه (پارکینگ غیرمزاحم)گذر ۱۰متری,"۱,۵۰۰,۰۰۰,۰۰۰ تومان",آژانس املاک در نواب,https://divar.ir/v/%DB%B6%DB%B1%D9%85%D8%AA%D8%B1-%DB%B2%D8%AE%D9%88%D8%A7%D8%A8%D9%87-%D9%BE%D8%A7%D8%B1%DA%A9%DB%8C%D9%86%DA%AF-%D8%BA%DB%8C%D8%B1%D9%85%D8%B2%D8%A7%D8%AD%D9%85-%DA%AF%D8%B0%D8%B1-%DB%B1%DB%B0%D9%85%D8%AA%D8%B1%DB%8C_%D8%A2%D9%BE%D8%A7%D8%B1%D8%AA%D9%85%D8%A7%D9%86_%D8%AA%D9%87%D8%B1%D8%A7%D9%86_%D9%86%D9%88%D8%A7%D8%A8_%D8%AF%DB%8C%D9%88%D8%A7%D8%B1/wYYgWVAI
39,8,62 متر آپارتمان شبستری,"۱,۵۲۰,۰۰۰,۰۰۰ تومان",مشاور املاک در تهرانپارس شرقی,https://divar.ir/v/62-%D9%85%D8%AA%D8%B1-%D8%A2%D9%BE%D8%A7%D8%B1%D8%AA%D9%85%D8%A7%D9%86-%D8%B4%D8%A8%D8%B3%D8%AA%D8%B1%DB%8C_%D8%A2%D9%BE%D8%A7%D8%B1%D8%AA%D9%85%D8%A7%D9%86_%D8%AA%D9%87%D8%B1%D8%A7%D9%86_%D8%AA%D9%87%D8%B1%D8%A7%D9%86%D9%BE%D8%A7%D8%B1%D8%B3-%D8%B4%D8%B1%D9%82%DB%8C_%D8%AF%DB%8C%D9%88%D8%A7%D8%B1/wYZI7xmI
40,9,۶۰متر/دو خواب/جوانمرد,"۱,۵۲۰,۰۰۰,۰۰۰ تومان",آژانس املاک در سلامت,https://divar.ir/v/%DB%B6%DB%B0%D9%85%D8%AA%D8%B1-%D8%AF%D9%88-%D8%AE%D9%88%D8%A7%D8%A8-%D8%AC%D9%88%D8%A7%D9%86%D9%85%D8%B1%D8%AF_%D8%A2%D9%BE%D8%A7%D8%B1%D8%AA%D9%85%D8%A7%D9%86_%D8%AA%D9%87%D8%B1%D8%A7%D9%86_%D8%B3%D9%84%D8%A7%D9%85%D8%AA_%D8%AF%DB%8C%D9%88%D8%A7%D8%B1/wYZIZK2_
41,10,۶۳ متر دوخواب,"۱,۶۰۰,۰۰۰,۰۰۰ تومان",دیروز در اسکندری,https://divar.ir/v/%DB%B6%DB%B3-%D9%85%D8%AA%D8%B1-%D8%AF%D9%88%D8%AE%D9%88%D8%A7%D8%A8_%D8%A2%D9%BE%D8%A7%D8%B1%D8%AA%D9%85%D8%A7%D9%86_%D8%AA%D9%87%D8%B1%D8%A7%D9%86_%D8%A7%D8%B3%DA%A9%D9%86%D8%AF%D8%B1%DB%8C_%D8%AF%DB%8C%D9%88%D8%A7%D8%B1/wYcwrk4G
42,11,60 متر آپارتمان جیحون,"۱,۶۰۰,۰۰۰,۰۰۰ تومان",دیروز در جیحون,https://divar.ir/v/60-%D9%85%D8%AA%D8%B1-%D8%A2%D9%BE%D8%A7%D8%B1%D8%AA%D9%85%D8%A7%D9%86-%D8%AC%DB%8C%D8%AD%D9%88%D9%86_%D8%A2%D9%BE%D8%A7%D8%B1%D8%AA%D9%85%D8%A7%D9%86_%D8%AA%D9%87%D8%B1%D8%A7%D9%86_%D8%AC%DB%8C%D8%AD%D9%88%D9%86_%D8%AF%DB%8C%D9%88%D8%A7%D8%B1/wYDsjpVv
43,12,63 متر دو خواب - هلال احمر خ قدمی,"۱,۵۷۵,۰۰۰,۰۰۰ تومان",دیروز در گمرک,https://divar.ir/v/63-%D9%85%D8%AA%D8%B1-%D8%AF%D9%88-%D8%AE%D9%88%D8%A7%D8%A8-%D9%87%D9%84%D8%A7%D9%84-%D8%A7%D8%AD%D9%85%D8%B1-%D8%AE-%D9%82%D8%AF%D9%85%DB%8C_%D8%A2%D9%BE%D8%A7%D8%B1%D8%AA%D9%85%D8%A7%D9%86_%D8%AA%D9%87%D8%B1%D8%A7%D9%86_%DA%AF%D9%85%D8%B1%DA%A9_%D8%AF%DB%8C%D9%88%D8%A7%D8%B1/wYnwkN_x
45,14,آپارتمان ۵۵ متری دوخواب شهرک مسعودیه,"۱,۵۴۰,۰۰۰,۰۰۰ تومان",دیروز در مسعودیه,https://divar.ir/v/%D8%A2%D9%BE%D8%A7%D8%B1%D8%AA%D9%85%D8%A7%D9%86-%DB%B5%DB%B5-%D9%85%D8%AA%D8%B1%DB%8C-%D8%AF%D9%88%D8%AE%D9%88%D8%A7%D8%A8-%D8%B4%D9%87%D8%B1%DA%A9-%D9%85%D8%B3%D8%B9%D9%88%D8%AF%DB%8C%D9%87_%D8%A2%D9%BE%D8%A7%D8%B1%D8%AA%D9%85%D8%A7%D9%86_%D8%AA%D9%87%D8%B1%D8%A7%D9%86_%D9%85%D8%B3%D8%B9%D9%88%D8%AF%DB%8C%D9%87_%D8%AF%DB%8C%D9%88%D8%A7%D8%B1/wYUkMq4R
46,15,۶۳ متر ۲ خواب خوش نقشه,"۱,۶۵۰,۰۰۰,۰۰۰ تومان",مشاور املاک در نارمک,https://divar.ir/v/%DB%B6%DB%B3-%D9%85%D8%AA%D8%B1-%DB%B2-%D8%AE%D9%88%D8%A7%D8%A8-%D8%AE%D9%88%D8%B4-%D9%86%D9%82%D8%B4%D9%87_%D8%A2%D9%BE%D8%A7%D8%B1%D8%AA%D9%85%D8%A7%D9%86_%D8%AA%D9%87%D8%B1%D8%A7%D9%86_%D9%86%D8%A7%D8%B1%D9%85%DA%A9_%D8%AF%DB%8C%D9%88%D8%A7%D8%B1/wYoUQYRA
47,0,63 متر حیاط دار (خوش / کمیل ),"۱,۵۹۰,۰۰۰,۰۰۰ تومان",آژانس املاک در سلسبیل,https://divar.ir/v/63-%D9%85%D8%AA%D8%B1-%D8%AD%DB%8C%D8%A7%D8%B7-%D8%AF%D8%A7%D8%B1-%D8%AE%D9%88%D8%B4-%DA%A9%D9%85%DB%8C%D9%84-_%D8%A2%D9%BE%D8%A7%D8%B1%D8%AA%D9%85%D8%A7%D9%86_%D8%AA%D9%87%D8%B1%D8%A7%D9%86_%D8%B3%D9%84%D8%B3%D8%A8%DB%8C%D9%84_%D8%AF%DB%8C%D9%88%D8%A7%D8%B1/wYU4zxPd
48,1,62 متری سلسبیل سرمایه گذاری,"۱,۶۰۰,۰۰۰,۰۰۰ تومان",آژانس املاک در سلسبیل,https://divar.ir/v/62-%D9%85%D8%AA%D8%B1%DB%8C-%D8%B3%D9%84%D8%B3%D8%A8%DB%8C%D9%84-%D8%B3%D8%B1%D9%85%D8%A7%DB%8C%D9%87-%DA%AF%D8%B0%D8%A7%D8%B1%DB%8C_%D8%A2%D9%BE%D8%A7%D8%B1%D8%AA%D9%85%D8%A7%D9%86_%D8%AA%D9%87%D8%B1%D8%A7%D9%86_%D8%B3%D9%84%D8%B3%D8%A8%DB%8C%D9%84_%D8%AF%DB%8C%D9%88%D8%A7%D8%B1/wYUAEHyx
49,2,۶۰ متر خیابان خرمشهر شمالی نور نقشه,"۱,۵۳۰,۰۰۰,۰۰۰ تومان",آژانس املاک در سلامت,https://divar.ir/v/%DB%B6%DB%B0-%D9%85%D8%AA%D8%B1-%D8%AE%DB%8C%D8%A7%D8%A8%D8%A7%D9%86-%D8%AE%D8%B1%D9%85%D8%B4%D9%87%D8%B1-%D8%B4%D9%85%D8%A7%D9%84%DB%8C-%D9%86%D9%88%D8%B1-%D9%86%D9%82%D8%B4%D9%87_%D8%A2%D9%BE%D8%A7%D8%B1%D8%AA%D9%85%D8%A7%D9%86_%D8%AA%D9%87%D8%B1%D8%A7%D9%86_%D8%B3%D9%84%D8%A7%D9%85%D8%AA_%D8%AF%DB%8C%D9%88%D8%A7%D8%B1/wYQkFAN2
50,3,مخصوص کوچه عارف,"۱,۶۵۰,۰۰۰,۰۰۰ تومان",۲ هفته پیش در مخصوص,https://divar.ir/v/%D9%85%D8%AE%D8%B5%D9%88%D8%B5-%DA%A9%D9%88%DA%86%D9%87-%D8%B9%D8%A7%D8%B1%D9%81_%D8%A2%D9%BE%D8%A7%D8%B1%D8%AA%D9%85%D8%A7%D9%86_%D8%AA%D9%87%D8%B1%D8%A7%D9%86_%D9%85%D8%AE%D8%B5%D9%88%D8%B5_%D8%AF%DB%8C%D9%88%D8%A7%D8%B1/wYUEUw2N
51,4,57 متری اسکندری و آذربایجان,"۱,۵۵۰,۰۰۰,۰۰۰ تومان",آژانس املاک در اسکندری,https://divar.ir/v/57-%D9%85%D8%AA%D8%B1%DB%8C-%D8%A7%D8%B3%DA%A9%D9%86%D8%AF%D8%B1%DB%8C-%D9%88-%D8%A2%D8%B0%D8%B1%D8%A8%D8%A7%DB%8C%D8%AC%D8%A7%D9%86_%D8%A2%D9%BE%D8%A7%D8%B1%D8%AA%D9%85%D8%A7%D9%86_%D8%AA%D9%87%D8%B1%D8%A7%D9%86_%D8%A7%D8%B3%DA%A9%D9%86%D8%AF%D8%B1%DB%8C_%D8%AF%DB%8C%D9%88%D8%A7%D8%B1/wYUIk2d3
52,5,فروش اپارتمان ۶۰ متر سرمایه گذاری,"۱,۶۲۰,۰۰۰,۰۰۰ تومان",آژانس املاک در آذربایجان,https://divar.ir/v/%D9%81%D8%B1%D9%88%D8%B4-%D8%A7%D9%BE%D8%A7%D8%B1%D8%AA%D9%85%D8%A7%D9%86-%DB%B6%DB%B0-%D9%85%D8%AA%D8%B1-%D8%B3%D8%B1%D9%85%D8%A7%DB%8C%D9%87-%DA%AF%D8%B0%D8%A7%D8%B1%DB%8C_%D8%A2%D9%BE%D8%A7%D8%B1%D8%AA%D9%85%D8%A7%D9%86_%D8%AA%D9%87%D8%B1%D8%A7%D9%86_%D8%A2%D8%B0%D8%B1%D8%A8%D8%A7%DB%8C%D8%AC%D8%A7%D9%86_%D8%AF%DB%8C%D9%88%D8%A7%D8%B1/wYCARRae
53,6,60متری فول امکانات/پارکینگ اصلی/2خوابه,"۱,۶۲۰,۰۰۰,۰۰۰ تومان",آژانس املاک در مشیریه,https://divar.ir/v/60%D9%85%D8%AA%D8%B1%DB%8C-%D9%81%D9%88%D9%84-%D8%A7%D9%85%DA%A9%D8%A7%D9%86%D8%A7%D8%AA-%D9%BE%D8%A7%D8%B1%DA%A9%DB%8C%D9%86%DA%AF-%D8%A7%D8%B5%D9%84%DB%8C-2%D8%AE%D9%88%D8%A7%D8%A8%D9%87_%D8%A2%D9%BE%D8%A7%D8%B1%D8%AA%D9%85%D8%A7%D9%86_%D8%AA%D9%87%D8%B1%D8%A7%D9%86_%D9%85%D8%B4%DB%8C%D8%B1%DB%8C%D9%87_%D8%AF%DB%8C%D9%88%D8%A7%D8%B1/wYUw0K3M
54,7,۶۰متر/دو‌خواب/آهنگ/تک واحدی,"۱,۵۴۰,۰۰۰,۰۰۰ تومان",مشاور املاک در آهنگ,https://divar.ir/v/%DB%B6%DB%B0%D9%85%D8%AA%D8%B1-%D8%AF%D9%88-%D8%AE%D9%88%D8%A7%D8%A8-%D8%A2%D9%87%D9%86%DA%AF-%D8%AA%DA%A9-%D9%88%D8%A7%D8%AD%D8%AF%DB%8C_%D8%A2%D9%BE%D8%A7%D8%B1%D8%AA%D9%85%D8%A7%D9%86_%D8%AA%D9%87%D8%B1%D8%A7%D9%86_%D8%A2%D9%87%D9%86%DA%AF_%D8%AF%DB%8C%D9%88%D8%A7%D8%B1/wYU4kZuL
55,8,۵۶ متر خیابان اجاره دار,"۱,۶۰۰,۰۰۰,۰۰۰ تومان",۲ هفته پیش در خواجه نظام الملک,https://divar.ir/v/%DB%B5%DB%B6-%D9%85%D8%AA%D8%B1-%D8%AE%DB%8C%D8%A7%D8%A8%D8%A7%D9%86-%D8%A7%D8%AC%D8%A7%D8%B1%D9%87-%D8%AF%D8%A7%D8%B1_%D8%A2%D9%BE%D8%A7%D8%B1%D8%AA%D9%85%D8%A7%D9%86_%D8%AA%D9%87%D8%B1%D8%A7%D9%86_%D8%AE%D9%88%D8%A7%D8%AC%D9%87-%D9%86%D8%B8%D8%A7%D9%85-%D8%A7%D9%84%D9%85%D9%84%DA%A9_%D8%AF%DB%8C%D9%88%D8%A7%D8%B1/wYU8IdW4
56,9,57 متری دو خوابه (شکوفه / پیروزی),"۱,۵۷۰,۰۰۰,۰۰۰ تومان",آژانس املاک در آهنگ,https://divar.ir/v/57-%D9%85%D8%AA%D8%B1%DB%8C-%D8%AF%D9%88-%D8%AE%D9%88%D8%A7%D8%A8%D9%87-%D8%B4%DA%A9%D9%88%D9%81%D9%87-%D9%BE%DB%8C%D8%B1%D9%88%D8%B2%DB%8C-_%D8%A2%D9%BE%D8%A7%D8%B1%D8%AA%D9%85%D8%A7%D9%86_%D8%AA%D9%87%D8%B1%D8%A7%D9%86_%D8%A2%D9%87%D9%86%DA%AF_%D8%AF%DB%8C%D9%88%D8%A7%D8%B1/wYUQZS3f
57,10,۶۲ متر ۲خواب ۱۰ ساله خیابان بهبودی,"۱,۵۰۰,۰۰۰,۰۰۰ تومان",آژانس املاک در فلاح,https://divar.ir/v/%DB%B6%DB%B2-%D9%85%D8%AA%D8%B1-%DB%B2%D8%AE%D9%88%D8%A7%D8%A8-%DB%B1%DB%B0-%D8%B3%D8%A7%D9%84%D9%87-%D8%AE%DB%8C%D8%A7%D8%A8%D8%A7%D9%86-%D8%A8%D9%87%D8%A8%D9%88%D8%AF%DB%8C_%D8%A2%D9%BE%D8%A7%D8%B1%D8%AA%D9%85%D8%A7%D9%86_%D8%AA%D9%87%D8%B1%D8%A7%D9%86_%D9%81%D9%84%D8%A7%D8%AD_%D8%AF%DB%8C%D9%88%D8%A7%D8%B1/wYUoKZ2n
58,11,۶۳ متر فول امکانات,"۱,۶۲۰,۰۰۰,۰۰۰ تومان",آژانس املاک در جیحون,https://divar.ir/v/%DB%B6%DB%B3-%D9%85%D8%AA%D8%B1-%D9%81%D9%88%D9%84-%D8%A7%D9%85%DA%A9%D8%A7%D9%86%D8%A7%D8%AA_%D8%A2%D9%BE%D8%A7%D8%B1%D8%AA%D9%85%D8%A7%D9%86_%D8%AA%D9%87%D8%B1%D8%A7%D9%86_%D8%AC%DB%8C%D8%AD%D9%88%D9%86_%D8%AF%DB%8C%D9%88%D8%A7%D8%B1/wYJwvFg2
59,12,62 متر 20 متر حیاط قسمت دلالی,"۱,۶۰۰,۰۰۰,۰۰۰ تومان",آژانس املاک در سلسبیل,https://divar.ir/v/62-%D9%85%D8%AA%D8%B1-20-%D9%85%D8%AA%D8%B1-%D8%AD%DB%8C%D8%A7%D8%B7-%D9%82%D8%B3%D9%85%D8%AA-%D8%AF%D9%84%D8%A7%D9%84%DB%8C_%D8%A2%D9%BE%D8%A7%D8%B1%D8%AA%D9%85%D8%A7%D9%86_%D8%AA%D9%87%D8%B1%D8%A7%D9%86_%D8%B3%D9%84%D8%B3%D8%A8%DB%8C%D9%84_%D8%AF%DB%8C%D9%88%D8%A7%D8%B1/wYVYa6mZ
60,13,63 متر دو خواب با اسانسور تک واحد,"۱,۵۱۳,۰۰۰,۰۰۰ تومان",مشاور املاک در مهرآباد جنوبی,https://divar.ir/v/63-%D9%85%D8%AA%D8%B1-%D8%AF%D9%88-%D8%AE%D9%88%D8%A7%D8%A8-%D8%A8%D8%A7-%D8%A7%D8%B3%D8%A7%D9%86%D8%B3%D9%88%D8%B1-%D8%AA%DA%A9-%D9%88%D8%A7%D8%AD%D8%AF_%D8%A2%D9%BE%D8%A7%D8%B1%D8%AA%D9%85%D8%A7%D9%86_%D8%AA%D9%87%D8%B1%D8%A7%D9%86_%D9%85%D9%87%D8%B1%D8%A2%D8%A8%D8%A7%D8%AF-%D8%AC%D9%86%D9%88%D8%A8%DB%8C_%D8%AF%DB%8C%D9%88%D8%A7%D8%B1/wYUEHSGS
61,14,آپارتمان۶۲متری/خیابان خوش جنوبی,"۱,۶۲۰,۰۰۰,۰۰۰ تومان",آژانس املاک در سلسبیل,https://divar.ir/v/%D8%A2%D9%BE%D8%A7%D8%B1%D8%AA%D9%85%D8%A7%D9%86%DB%B6%DB%B2%D9%85%D8%AA%D8%B1%DB%8C-%D8%AE%DB%8C%D8%A7%D8%A8%D8%A7%D9%86-%D8%AE%D9%88%D8%B4-%D8%AC%D9%86%D9%88%D8%A8%DB%8C_%D8%A2%D9%BE%D8%A7%D8%B1%D8%AA%D9%85%D8%A7%D9%86_%D8%AA%D9%87%D8%B1%D8%A7%D9%86_%D8%B3%D9%84%D8%B3%D8%A8%DB%8C%D9%84_%D8%AF%DB%8C%D9%88%D8%A7%D8%B1/wYQMLKwn
62,15,۵۵متر دوخواب(قصرالدشت بالای سپه),"۱,۵۴۰,۰۰۰,۰۰۰ تومان",آژانس املاک در سلسبیل,https://divar.ir/v/%DB%B5%DB%B5%D9%85%D8%AA%D8%B1-%D8%AF%D9%88%D8%AE%D9%88%D8%A7%D8%A8-%D9%82%D8%B5%D8%B1%D8%A7%D9%84%D8%AF%D8%B4%D8%AA-%D8%A8%D8%A7%D9%84%D8%A7%DB%8C-%D8%B3%D9%BE%D9%87-_%D8%A2%D9%BE%D8%A7%D8%B1%D8%AA%D9%85%D8%A7%D9%86_%D8%AA%D9%87%D8%B1%D8%A7%D9%86_%D8%B3%D9%84%D8%B3%D8%A8%DB%8C%D9%84_%D8%AF%DB%8C%D9%88%D8%A7%D8%B1/wYVcuXWJ
63,16,58متر/فول امکانات/تکواحدی,"۱,۵۳۷,۰۰۰,۰۰۰ تومان",آژانس املاک در بیسیم,https://divar.ir/v/58%D9%85%D8%AA%D8%B1-%D9%81%D9%88%D9%84-%D8%A7%D9%85%DA%A9%D8%A7%D9%86%D8%A7%D8%AA-%D8%AA%DA%A9%D9%88%D8%A7%D8%AD%D8%AF%DB%8C_%D8%A2%D9%BE%D8%A7%D8%B1%D8%AA%D9%85%D8%A7%D9%86_%D8%AA%D9%87%D8%B1%D8%A7%D9%86_%D8%A8%DB%8C%D8%B3%DB%8C%D9%85_%D8%AF%DB%8C%D9%88%D8%A7%D8%B1/wYV8-8GR
64,17,۶۱متر با پارکینگ سندی آذری انتخاب نهایی سخت پسندان,"۱,۵۵۰,۰۰۰,۰۰۰ تومان",آژانس املاک در امامزاده حسن(ع),https://divar.ir/v/%DB%B6%DB%B1%D9%85%D8%AA%D8%B1-%D8%A8%D8%A7-%D9%BE%D8%A7%D8%B1%DA%A9%DB%8C%D9%86%DA%AF-%D8%B3%D9%86%D8%AF%DB%8C-%D8%A2%D8%B0%D8%B1%DB%8C-%D8%A7%D9%86%D8%AA%D8%AE%D8%A7%D8%A8-%D9%86%D9%87%D8%A7%DB%8C%DB%8C-%D8%B3%D8%AE%D8%AA-%D9%BE%D8%B3%D9%86%D8%AF%D8%A7%D9%86_%D8%A2%D9%BE%D8%A7%D8%B1%D8%AA%D9%85%D8%A7%D9%86_%D8%AA%D9%87%D8%B1%D8%A7%D9%86_%D8%A7%D9%85%D8%A7%D9%85%D8%B2%D8%A7%D8%AF%D9%87-%D8%AD%D8%B3%D9%86-%D8%B9-_%D8%AF%DB%8C%D9%88%D8%A7%D8%B1/wYSodgC4
65,0,اپارتمان ۵۷متر ۲ خواب گرگان/سلمان فارسی /مدنی,"۱,۵۸۰,۰۰۰,۰۰۰ تومان",مشاور املاک در گرگان,https://divar.ir/v/%D8%A7%D9%BE%D8%A7%D8%B1%D8%AA%D9%85%D8%A7%D9%86-%DB%B5%DB%B7%D9%85%D8%AA%D8%B1-%DB%B2-%D8%AE%D9%88%D8%A7%D8%A8-%DA%AF%D8%B1%DA%AF%D8%A7%D9%86-%D8%B3%D9%84%D9%85%D8%A7%D9%86-%D9%81%D8%A7%D8%B1%D8%B3%DB%8C-%D9%85%D8%AF%D9%86%DB%8C_%D8%A2%D9%BE%D8%A7%D8%B1%D8%AA%D9%85%D8%A7%D9%86_%D8%AA%D9%87%D8%B1%D8%A7%D9%86_%DA%AF%D8%B1%DA%AF%D8%A7%D9%86_%D8%AF%DB%8C%D9%88%D8%A7%D8%B1/wYJodWTR
67,2,۶۰متر کمیل کوچه کرمی,"۱,۶۰۰,۰۰۰,۰۰۰ تومان",آژانس املاک در جیحون,https://divar.ir/v/%DB%B6%DB%B0%D9%85%D8%AA%D8%B1-%DA%A9%D9%85%DB%8C%D9%84-%DA%A9%D9%88%DA%86%D9%87-%DA%A9%D8%B1%D9%85%DB%8C_%D8%A2%D9%BE%D8%A7%D8%B1%D8%AA%D9%85%D8%A7%D9%86_%D8%AA%D9%87%D8%B1%D8%A7%D9%86_%D8%AC%DB%8C%D8%AD%D9%88%D9%86_%D8%AF%DB%8C%D9%88%D8%A7%D8%B1/wYVIotMi
68,3,۵۵ متر خیابان کمیل بین قصرلدشت و خوش,"۱,۵۹۰,۰۰۰,۰۰۰ تومان",آژانس املاک در سلسبیل,https://divar.ir/v/%DB%B5%DB%B5-%D9%85%D8%AA%D8%B1-%D8%AE%DB%8C%D8%A7%D8%A8%D8%A7%D9%86-%DA%A9%D9%85%DB%8C%D9%84-%D8%A8%DB%8C%D9%86-%D9%82%D8%B5%D8%B1%D9%84%D8%AF%D8%B4%D8%AA-%D9%88-%D8%AE%D9%88%D8%B4_%D8%A2%D9%BE%D8%A7%D8%B1%D8%AA%D9%85%D8%A7%D9%86_%D8%AA%D9%87%D8%B1%D8%A7%D9%86_%D8%B3%D9%84%D8%B3%D8%A8%DB%8C%D9%84_%D8%AF%DB%8C%D9%88%D8%A7%D8%B1/wYVE6C0D
69,4,59 متر دو خواب طبقه اول تک واحدی,"۱,۵۷۰,۰۰۰,۰۰۰ تومان",آژانس املاک در سلسبیل,https://divar.ir/v/59-%D9%85%D8%AA%D8%B1-%D8%AF%D9%88-%D8%AE%D9%88%D8%A7%D8%A8-%D8%B7%D8%A8%D9%82%D9%87-%D8%A7%D9%88%D9%84-%D8%AA%DA%A9-%D9%88%D8%A7%D8%AD%D8%AF%DB%8C_%D8%A2%D9%BE%D8%A7%D8%B1%D8%AA%D9%85%D8%A7%D9%86_%D8%AA%D9%87%D8%B1%D8%A7%D9%86_%D8%B3%D9%84%D8%B3%D8%A8%DB%8C%D9%84_%D8%AF%DB%8C%D9%88%D8%A7%D8%B1/wYdU4oGL
70,5,۶۰متر۲خواب/تکواحدی/براصلی /جی سبحانی,"۱,۵۵۰,۰۰۰,۰۰۰ تومان",آژانس املاک در جی,https://divar.ir/v/%DB%B6%DB%B0%D9%85%D8%AA%D8%B1%DB%B2%D8%AE%D9%88%D8%A7%D8%A8-%D8%AA%DA%A9%D9%88%D8%A7%D8%AD%D8%AF%DB%8C-%D8%A8%D8%B1%D8%A7%D8%B5%D9%84%DB%8C-%D8%AC%DB%8C-%D8%B3%D8%A8%D8%AD%D8%A7%D9%86%DB%8C_%D8%A2%D9%BE%D8%A7%D8%B1%D8%AA%D9%85%D8%A7%D9%86_%D8%AA%D9%87%D8%B1%D8%A7%D9%86_%D8%AC%DB%8C_%D8%AF%DB%8C%D9%88%D8%A7%D8%B1/wYc0mS6S
74,9,۵۶متر دوخواب/۱۰مترپاسیو(امام خمینی) نایاب,"۱,۶۳۰,۰۰۰,۰۰۰ تومان",آژانس املاک در سلسبیل,https://divar.ir/v/%DB%B5%DB%B6%D9%85%D8%AA%D8%B1-%D8%AF%D9%88%D8%AE%D9%88%D8%A7%D8%A8-%DB%B1%DB%B0%D9%85%D8%AA%D8%B1%D9%BE%D8%A7%D8%B3%DB%8C%D9%88-%D8%A7%D9%85%D8%A7%D9%85-%D8%AE%D9%85%DB%8C%D9%86%DB%8C-%D9%86%D8%A7%DB%8C%D8%A7%D8%A8_%D8%A2%D9%BE%D8%A7%D8%B1%D8%AA%D9%85%D8%A7%D9%86_%D8%AA%D9%87%D8%B1%D8%A7%D9%86_%D8%B3%D9%84%D8%B3%D8%A8%DB%8C%D9%84_%D8%AF%DB%8C%D9%88%D8%A7%D8%B1/wYd09lIF
75,10,۵۷متر۲خواب همکف/۸متر پاسیوبدون مشابه رودکی سپه,"۱,۶۳۰,۰۰۰,۰۰۰ تومان",آژانس املاک در سلسبیل,https://divar.ir/v/%DB%B5%DB%B7%D9%85%D8%AA%D8%B1%DB%B2%D8%AE%D9%88%D8%A7%D8%A8-%D9%87%D9%85%DA%A9%D9%81-%DB%B8%D9%85%D8%AA%D8%B1-%D9%BE%D8%A7%D8%B3%DB%8C%D9%88%D8%A8%D8%AF%D9%88%D9%86-%D9%85%D8%B4%D8%A7%D8%A8%D9%87-%D8%B1%D9%88%D8%AF%DA%A9%DB%8C-%D8%B3%D9%BE%D9%87_%D8%A2%D9%BE%D8%A7%D8%B1%D8%AA%D9%85%D8%A7%D9%86_%D8%AA%D9%87%D8%B1%D8%A7%D9%86_%D8%B3%D9%84%D8%B3%D8%A8%DB%8C%D9%84_%D8%AF%DB%8C%D9%88%D8%A7%D8%B1/wYWQtjws
76,11,فروش آپارتمان/فول بازسازی/خوش نقشه/فول,"۱,۵۵۰,۰۰۰,۰۰۰ تومان",آژانس املاک در هفت چنار,https://divar.ir/v/%D9%81%D8%B1%D9%88%D8%B4-%D8%A2%D9%BE%D8%A7%D8%B1%D8%AA%D9%85%D8%A7%D9%86-%D9%81%D9%88%D9%84-%D8%A8%D8%A7%D8%B2%D8%B3%D8%A7%D8%B2%DB%8C-%D8%AE%D9%88%D8%B4-%D9%86%D9%82%D8%B4%D9%87-%D9%81%D9%88%D9%84_%D8%A2%D9%BE%D8%A7%D8%B1%D8%AA%D9%85%D8%A7%D9%86_%D8%AA%D9%87%D8%B1%D8%A7%D9%86_%D9%87%D9%81%D8%AA-%DA%86%D9%86%D8%A7%D8%B1_%D8%AF%DB%8C%D9%88%D8%A7%D8%B1/wYek_emn
78,13,آپارتمان55متر دوخواب پارکینگ دار,"۱,۵۷۰,۰۰۰,۰۰۰ تومان",مشاور املاک در نازی‌آباد,https://divar.ir/v/%D8%A2%D9%BE%D8%A7%D8%B1%D8%AA%D9%85%D8%A7%D9%8655%D9%85%D8%AA%D8%B1-%D8%AF%D9%88%D8%AE%D9%88%D8%A7%D8%A8-%D9%BE%D8%A7%D8%B1%DA%A9%DB%8C%D9%86%DA%AF-%D8%AF%D8%A7%D8%B1_%D8%A2%D9%BE%D8%A7%D8%B1%D8%AA%D9%85%D8%A7%D9%86_%D8%AA%D9%87%D8%B1%D8%A7%D9%86_%D9%86%D8%A7%D8%B2%DB%8C-%D8%A2%D8%A8%D8%A7%D8%AF_%D8%AF%DB%8C%D9%88%D8%A7%D8%B1/wYew_Tui
79,14,(۶۰ متر ۲ خواب) پارکینگ سندی/بازسازی/ قصر الدشت,"۱,۶۵۰,۰۰۰,۰۰۰ تومان",آژانس املاک در سلسبیل,https://divar.ir/v/%DB%B6%DB%B0-%D9%85%D8%AA%D8%B1-%DB%B2-%D8%AE%D9%88%D8%A7%D8%A8-%D9%BE%D8%A7%D8%B1%DA%A9%DB%8C%D9%86%DA%AF-%D8%B3%D9%86%D8%AF%DB%8C-%D8%A8%D8%A7%D8%B2%D8%B3%D8%A7%D8%B2%DB%8C-%D9%82%D8%B5%D8%B1-%D8%A7%D9%84%D8%AF%D8%B4%D8%AA_%D8%A2%D9%BE%D8%A7%D8%B1%D8%AA%D9%85%D8%A7%D9%86_%D8%AA%D9%87%D8%B1%D8%A7%D9%86_%D8%B3%D9%84%D8%B3%D8%A8%DB%8C%D9%84_%D8%AF%DB%8C%D9%88%D8%A7%D8%B1/wYdgtTj8
80,15,۶۰متری/سرمایه گزاری/کمیل سبحانی,"۱,۶۰۰,۰۰۰,۰۰۰ تومان",آژانس املاک در جیحون,https://divar.ir/v/%DB%B6%DB%B0%D9%85%D8%AA%D8%B1%DB%8C-%D8%B3%D8%B1%D9%85%D8%A7%DB%8C%D9%87-%DA%AF%D8%B2%D8%A7%D8%B1%DB%8C-%DA%A9%D9%85%DB%8C%D9%84-%D8%B3%D8%A8%D8%AD%D8%A7%D9%86%DB%8C_%D8%A2%D9%BE%D8%A7%D8%B1%D8%AA%D9%85%D8%A7%D9%86_%D8%AA%D9%87%D8%B1%D8%A7%D9%86_%D8%AC%DB%8C%D8%AD%D9%88%D9%86_%D8%AF%DB%8C%D9%88%D8%A7%D8%B1/wYcoWt38
81,0,۵۷متر/فول امکانات/جیحون سپه,"۱,۶۵۰,۰۰۰,۰۰۰ تومان",آژانس املاک در جیحون,https://divar.ir/v/%DB%B5%DB%B7%D9%85%D8%AA%D8%B1-%D9%81%D9%88%D9%84-%D8%A7%D9%85%DA%A9%D8%A7%D9%86%D8%A7%D8%AA-%D8%AC%DB%8C%D8%AD%D9%88%D9%86-%D8%B3%D9%BE%D9%87_%D8%A2%D9%BE%D8%A7%D8%B1%D8%AA%D9%85%D8%A7%D9%86_%D8%AA%D9%87%D8%B1%D8%A7%D9%86_%D8%AC%DB%8C%D8%AD%D9%88%D9%86_%D8%AF%DB%8C%D9%88%D8%A7%D8%B1/wYgUzTyk
82,1,۶۰ متر/دوخواب/پر نور/خوش نقشه,"۱,۶۵۰,۰۰۰,۰۰۰ تومان",آژانس املاک در سبلان,https://divar.ir/v/%DB%B6%DB%B0-%D9%85%D8%AA%D8%B1-%D8%AF%D9%88%D8%AE%D9%88%D8%A7%D8%A8-%D9%BE%D8%B1-%D9%86%D9%88%D8%B1-%D8%AE%D9%88%D8%B4-%D9%86%D9%82%D8%B4%D9%87_%D8%A2%D9%BE%D8%A7%D8%B1%D8%AA%D9%85%D8%A7%D9%86_%D8%AA%D9%87%D8%B1%D8%A7%D9%86_%D8%B3%D8%A8%D9%84%D8%A7%D9%86_%D8%AF%DB%8C%D9%88%D8%A7%D8%B1/wYYsyR_b
83,2,۶۳متر مالک اشتر / بین خوش و قصرالدشت,"۱,۵۵۰,۰۰۰,۰۰۰ تومان",آژانس املاک در سلسبیل,https://divar.ir/v/%DB%B6%DB%B3%D9%85%D8%AA%D8%B1-%D9%85%D8%A7%D9%84%DA%A9-%D8%A7%D8%B4%D8%AA%D8%B1-%D8%A8%DB%8C%D9%86-%D8%AE%D9%88%D8%B4-%D9%88-%D9%82%D8%B5%D8%B1%D8%A7%D9%84%D8%AF%D8%B4%D8%AA_%D8%A2%D9%BE%D8%A7%D8%B1%D8%AA%D9%85%D8%A7%D9%86_%D8%AA%D9%87%D8%B1%D8%A7%D9%86_%D8%B3%D9%84%D8%B3%D8%A8%DB%8C%D9%84_%D8%AF%DB%8C%D9%88%D8%A7%D8%B1/wYcs1SwV
84,3,۶۳متر/دوخوابه/خوش نقشه/شاهکار منطقه,"۱,۶۴۰,۰۰۰,۰۰۰ تومان",آژانس املاک در جیحون,https://divar.ir/v/%DB%B6%DB%B3%D9%85%D8%AA%D8%B1-%D8%AF%D9%88%D8%AE%D9%88%D8%A7%D8%A8%D9%87-%D8%AE%D9%88%D8%B4-%D9%86%D9%82%D8%B4%D9%87-%D8%B4%D8%A7%D9%87%DA%A9%D8%A7%D8%B1-%D9%85%D9%86%D8%B7%D9%82%D9%87_%D8%A2%D9%BE%D8%A7%D8%B1%D8%AA%D9%85%D8%A7%D9%86_%D8%AA%D9%87%D8%B1%D8%A7%D9%86_%D8%AC%DB%8C%D8%AD%D9%88%D9%86_%D8%AF%DB%8C%D9%88%D8%A7%D8%B1/wYaQAAO1
85,4,۶۰ متر تک واحدی نواب کمالی شاهباز,"۱,۶۰۰,۰۰۰,۰۰۰ تومان",مشاور املاک در نواب,https://divar.ir/v/%DB%B6%DB%B0-%D9%85%D8%AA%D8%B1-%D8%AA%DA%A9-%D9%88%D8%A7%D8%AD%D8%AF%DB%8C-%D9%86%D9%88%D8%A7%D8%A8-%DA%A9%D9%85%D8%A7%D9%84%DB%8C-%D8%B4%D8%A7%D9%87%D8%A8%D8%A7%D8%B2_%D8%A2%D9%BE%D8%A7%D8%B1%D8%AA%D9%85%D8%A7%D9%86_%D8%AA%D9%87%D8%B1%D8%A7%D9%86_%D9%86%D9%88%D8%A7%D8%A8_%D8%AF%DB%8C%D9%88%D8%A7%D8%B1/wYYUh6b3
86,5,61متر/پارکینگ دار,"۱,۶۲۰,۰۰۰,۰۰۰ تومان",آژانس املاک در اسکندری,https://divar.ir/v/61%D9%85%D8%AA%D8%B1-%D9%BE%D8%A7%D8%B1%DA%A9%DB%8C%D9%86%DA%AF-%D8%AF%D8%A7%D8%B1_%D8%A2%D9%BE%D8%A7%D8%B1%D8%AA%D9%85%D8%A7%D9%86_%D8%AA%D9%87%D8%B1%D8%A7%D9%86_%D8%A7%D8%B3%DA%A9%D9%86%D8%AF%D8%B1%DB%8C_%D8%AF%DB%8C%D9%88%D8%A7%D8%B1/wYo4lGye
87,6,61متر*دوخوابه*تک واحدی*لوکیشن,"۱,۶۴۰,۰۰۰,۰۰۰ تومان",مشاور املاک در مسعودیه,https://divar.ir/v/61%D9%85%D8%AA%D8%B1-%D8%AF%D9%88%D8%AE%D9%88%D8%A7%D8%A8%D9%87-%D8%AA%DA%A9-%D9%88%D8%A7%D8%AD%D8%AF%DB%8C-%D9%84%D9%88%DA%A9%DB%8C%D8%B4%D9%86_%D8%A2%D9%BE%D8%A7%D8%B1%D8%AA%D9%85%D8%A7%D9%86_%D8%AA%D9%87%D8%B1%D8%A7%D9%86_%D9%85%D8%B3%D8%B9%D9%88%D8%AF%DB%8C%D9%87_%D8%AF%DB%8C%D9%88%D8%A7%D8%B1/wYg8Bx7Y
88,7,۵۵متر دوخوابه فول بازسازی شده خیابان پیچک,"۱,۵۵۰,۰۰۰,۰۰۰ تومان",آژانس املاک در پیروزی,https://divar.ir/v/%DB%B5%DB%B5%D9%85%D8%AA%D8%B1-%D8%AF%D9%88%D8%AE%D9%88%D8%A7%D8%A8%D9%87-%D9%81%D9%88%D9%84-%D8%A8%D8%A7%D8%B2%D8%B3%D8%A7%D8%B2%DB%8C-%D8%B4%D8%AF%D9%87-%D8%AE%DB%8C%D8%A7%D8%A8%D8%A7%D9%86-%D9%BE%DB%8C%DA%86%DA%A9_%D8%A2%D9%BE%D8%A7%D8%B1%D8%AA%D9%85%D8%A7%D9%86_%D8%AA%D9%87%D8%B1%D8%A7%D9%86_%D9%BE%DB%8C%D8%B1%D9%88%D8%B2%DB%8C_%D8%AF%DB%8C%D9%88%D8%A7%D8%B1/wYm4ctNs
89,8,61متر*2خواب/ سبحانی/ فول نوسازی,"۱,۶۰۵,۰۰۰,۰۰۰ تومان",آژانس املاک در جیحون,https://divar.ir/v/61%D9%85%D8%AA%D8%B1-2%D8%AE%D9%88%D8%A7%D8%A8-%D8%B3%D8%A8%D8%AD%D8%A7%D9%86%DB%8C-%D9%81%D9%88%D9%84-%D9%86%D9%88%D8%B3%D8%A7%D8%B2%DB%8C_%D8%A2%D9%BE%D8%A7%D8%B1%D8%AA%D9%85%D8%A7%D9%86_%D8%AA%D9%87%D8%B1%D8%A7%D9%86_%D8%AC%DB%8C%D8%AD%D9%88%D9%86_%D8%AF%DB%8C%D9%88%D8%A7%D8%B1/wYgsjDf6
90,9,۶۰.۲متردوخواب تکواحدی خوش نقشه کمیل صاحب الزمان,"۱,۵۹۸,۰۰۰,۰۰۰ تومان",آژانس املاک در جیحون,https://divar.ir/v/%DB%B6%DB%B0-%DB%B2%D9%85%D8%AA%D8%B1%D8%AF%D9%88%D8%AE%D9%88%D8%A7%D8%A8-%D8%AA%DA%A9%D9%88%D8%A7%D8%AD%D8%AF%DB%8C-%D8%AE%D9%88%D8%B4-%D9%86%D9%82%D8%B4%D9%87-%DA%A9%D9%85%DB%8C%D9%84-%D8%B5%D8%A7%D8%AD%D8%A8-%D8%A7%D9%84%D8%B2%D9%85%D8%A7%D9%86_%D8%A2%D9%BE%D8%A7%D8%B1%D8%AA%D9%85%D8%A7%D9%86_%D8%AA%D9%87%D8%B1%D8%A7%D9%86_%D8%AC%DB%8C%D8%AD%D9%88%D9%86_%D8%AF%DB%8C%D9%88%D8%A7%D8%B1/wYQo5ELX
91,10,۵۵ متر/ سازه ای استوار و بی همتا/ المپیک,"۱,۵۰۰,۰۰۰,۰۰۰ تومان",آژانس املاک در دهکده المپیک,https://divar.ir/v/%DB%B5%DB%B5-%D9%85%D8%AA%D8%B1-%D8%B3%D8%A7%D8%B2%D9%87-%D8%A7%DB%8C-%D8%A7%D8%B3%D8%AA%D9%88%D8%A7%D8%B1-%D9%88-%D8%A8%DB%8C-%D9%87%D9%85%D8%AA%D8%A7-%D8%A7%D9%84%D9%85%D9%BE%DB%8C%DA%A9_%D8%A2%D9%BE%D8%A7%D8%B1%D8%AA%D9%85%D8%A7%D9%86_%D8%AA%D9%87%D8%B1%D8%A7%D9%86_%D8%AF%D9%87%DA%A9%D8%AF%D9%87-%D8%A7%D9%84%D9%85%D9%BE%DB%8C%DA%A9_%D8%AF%DB%8C%D9%88%D8%A7%D8%B1/wYnYzOk4
93,12,آپارتمان ۶۰ متری دو خواب پارکینگدار,"۱,۵۰۰,۰۰۰,۰۰۰ تومان",آژانس املاک در نواب,https://divar.ir/v/%D8%A2%D9%BE%D8%A7%D8%B1%D8%AA%D9%85%D8%A7%D9%86-%DB%B6%DB%B0-%D9%85%D8%AA%D8%B1%DB%8C-%D8%AF%D9%88-%D8%AE%D9%88%D8%A7%D8%A8-%D9%BE%D8%A7%D8%B1%DA%A9%DB%8C%D9%86%DA%AF%D8%AF%D8%A7%D8%B1_%D8%A2%D9%BE%D8%A7%D8%B1%D8%AA%D9%85%D8%A7%D9%86_%D8%AA%D9%87%D8%B1%D8%A7%D9%86_%D9%86%D9%88%D8%A7%D8%A8_%D8%AF%DB%8C%D9%88%D8%A7%D8%B1/wYD8Diab
94,13,۶۰متر/۲خواب/خوش نقشه/فول بازسازی/۱۰متری رجبی,"۱,۵۳۰,۰۰۰,۰۰۰ تومان",آژانس املاک در جی,https://divar.ir/v/%DB%B6%DB%B0%D9%85%D8%AA%D8%B1-%DB%B2%D8%AE%D9%88%D8%A7%D8%A8-%D8%AE%D9%88%D8%B4-%D9%86%D9%82%D8%B4%D9%87-%D9%81%D9%88%D9%84-%D8%A8%D8%A7%D8%B2%D8%B3%D8%A7%D8%B2%DB%8C-%DB%B1%DB%B0%D9%85%D8%AA%D8%B1%DB%8C-%D8%B1%D8%AC%D8%A8%DB%8C_%D8%A2%D9%BE%D8%A7%D8%B1%D8%AA%D9%85%D8%A7%D9%86_%D8%AA%D9%87%D8%B1%D8%A7%D9%86_%D8%AC%DB%8C_%D8%AF%DB%8C%D9%88%D8%A7%D8%B1/wYi8MhMB
95,14,۶۱ متر دو خواب تک واحدی بازسازی کامل//کمیل،سبحانی,"۱,۶۰۰,۰۰۰,۰۰۰ تومان",آژانس املاک در جیحون,https://divar.ir/v/%DB%B6%DB%B1-%D9%85%D8%AA%D8%B1-%D8%AF%D9%88-%D8%AE%D9%88%D8%A7%D8%A8-%D8%AA%DA%A9-%D9%88%D8%A7%D8%AD%D8%AF%DB%8C-%D8%A8%D8%A7%D8%B2%D8%B3%D8%A7%D8%B2%DB%8C-%DA%A9%D8%A7%D9%85%D9%84-%DA%A9%D9%85%DB%8C%D9%84-%D8%B3%D8%A8%D8%AD%D8%A7%D9%86%DB%8C_%D8%A2%D9%BE%D8%A7%D8%B1%D8%AA%D9%85%D8%A7%D9%86_%D8%AA%D9%87%D8%B1%D8%A7%D9%86_%D8%AC%DB%8C%D8%AD%D9%88%D9%86_%D8%AF%DB%8C%D9%88%D8%A7%D8%B1/wYRorrPZ
96,15,62متردوخواب تک واحدنوساز وام دار,"۱,۶۵۰,۰۰۰,۰۰۰ تومان",۱ ساعت پیش در هاشم‌آباد,https://divar.ir/v/62%D9%85%D8%AA%D8%B1%D8%AF%D9%88%D8%AE%D9%88%D8%A7%D8%A8-%D8%AA%DA%A9-%D9%88%D8%A7%D8%AD%D8%AF%D9%86%D9%88%D8%B3%D8%A7%D8%B2-%D9%88%D8%A7%D9%85-%D8%AF%D8%A7%D8%B1_%D8%A2%D9%BE%D8%A7%D8%B1%D8%AA%D9%85%D8%A7%D9%86_%D8%AA%D9%87%D8%B1%D8%A7%D9%86_%D9%87%D8%A7%D8%B4%D9%85-%D8%A2%D8%A8%D8%A7%D8%AF_%D8%AF%DB%8C%D9%88%D8%A7%D8%B1/wYpYmda9
97,16,۶۳متر/۲خواب/نورگیر/فول بازسازی/کارگر جنوبی,"۱,۶۵۰,۰۰۰,۰۰۰ تومان",آژانس املاک در میدان انقلاب,https://divar.ir/v/%DB%B6%DB%B3%D9%85%D8%AA%D8%B1-%DB%B2%D8%AE%D9%88%D8%A7%D8%A8-%D9%86%D9%88%D8%B1%DA%AF%DB%8C%D8%B1-%D9%81%D9%88%D9%84-%D8%A8%D8%A7%D8%B2%D8%B3%D8%A7%D8%B2%DB%8C-%DA%A9%D8%A7%D8%B1%DA%AF%D8%B1-%D8%AC%D9%86%D9%88%D8%A8%DB%8C_%D8%A2%D9%BE%D8%A7%D8%B1%D8%AA%D9%85%D8%A7%D9%86_%D8%AA%D9%87%D8%B1%D8%A7%D9%86_%D9%85%DB%8C%D8%AF%D8%A7%D9%86-%D8%A7%D9%86%D9%82%D9%84%D8%A7%D8%A8_%D8%AF%DB%8C%D9%88%D8%A7%D8%B1/wYYcIlyw
98,17,۶۰متر دوخواب در قصرالدشت,"۱,۶۲۰,۰۰۰,۰۰۰ تومان",آژانس املاک در سلسبیل,https://divar.ir/v/%DB%B6%DB%B0%D9%85%D8%AA%D8%B1-%D8%AF%D9%88%D8%AE%D9%88%D8%A7%D8%A8-%D8%AF%D8%B1-%D9%82%D8%B5%D8%B1%D8%A7%D9%84%D8%AF%D8%B4%D8%AA_%D8%A2%D9%BE%D8%A7%D8%B1%D8%AA%D9%85%D8%A7%D9%86_%D8%AA%D9%87%D8%B1%D8%A7%D9%86_%D8%B3%D9%84%D8%B3%D8%A8%DB%8C%D9%84_%D8%AF%DB%8C%D9%88%D8%A7%D8%B1/wYD0hNHX
99,18,۶۱متر/۲خواب/خوش نقشه/گذر,"۱,۶۰۰,۰۰۰,۰۰۰ تومان",آژانس املاک در شبیری,https://divar.ir/v/%DB%B6%DB%B1%D9%85%D8%AA%D8%B1-%DB%B2%D8%AE%D9%88%D8%A7%D8%A8-%D8%AE%D9%88%D8%B4-%D9%86%D9%82%D8%B4%D9%87-%DA%AF%D8%B0%D8%B1_%D8%A2%D9%BE%D8%A7%D8%B1%D8%AA%D9%85%D8%A7%D9%86_%D8%AA%D9%87%D8%B1%D8%A7%D9%86_%D8%B4%D8%A8%DB%8C%D8%B1%DB%8C_%D8%AF%DB%8C%D9%88%D8%A7%D8%B1/wYL0kc0i
100,19,60متری ٢خوابه خوش نقشه بازسازی کامل,"۱,۵۵۰,۰۰۰,۰۰۰ تومان",نیم ساعت پیش در آهنگ,https://divar.ir/v/60%D9%85%D8%AA%D8%B1%DB%8C-%D9%A2%D8%AE%D9%88%D8%A7%D8%A8%D9%87-%D8%AE%D9%88%D8%B4-%D9%86%D9%82%D8%B4%D9%87-%D8%A8%D8%A7%D8%B2%D8%B3%D8%A7%D8%B2%DB%8C-%DA%A9%D8%A7%D9%85%D9%84_%D8%A2%D9%BE%D8%A7%D8%B1%D8%AA%D9%85%D8%A7%D9%86_%D8%AA%D9%87%D8%B1%D8%A7%D9%86_%D8%A2%D9%87%D9%86%DA%AF_%D8%AF%DB%8C%D9%88%D8%A7%D8%B1/wYp0mLz0
101,20,۶۰ متر ۲خواب تکواحدی سرمایه‌گذاری فول بازسازی,"۱,۶۰۵,۰۰۰,۰۰۰ تومان",آژانس املاک در جی,https://divar.ir/v/%DB%B6%DB%B0-%D9%85%D8%AA%D8%B1-%DB%B2%D8%AE%D9%88%D8%A7%D8%A8-%D8%AA%DA%A9%D9%88%D8%A7%D8%AD%D8%AF%DB%8C-%D8%B3%D8%B1%D9%85%D8%A7%DB%8C%D9%87-%DA%AF%D8%B0%D8%A7%D8%B1%DB%8C-%D9%81%D9%88%D9%84-%D8%A8%D8%A7%D8%B2%D8%B3%D8%A7%D8%B2%DB%8C_%D8%A2%D9%BE%D8%A7%D8%B1%D8%AA%D9%85%D8%A7%D9%86_%D8%AA%D9%87%D8%B1%D8%A7%D9%86_%D8%AC%DB%8C_%D8%AF%DB%8C%D9%88%D8%A7%D8%B1/wYHEC_DQ
103,22,61متر/2خواب/خوش نقشه,"۱,۶۰۸,۰۰۰,۰۰۰ تومان",آژانس املاک در سلسبیل,https://divar.ir/v/61%D9%85%D8%AA%D8%B1-2%D8%AE%D9%88%D8%A7%D8%A8-%D8%AE%D9%88%D8%B4-%D9%86%D9%82%D8%B4%D9%87_%D8%A2%D9%BE%D8%A7%D8%B1%D8%AA%D9%85%D8%A7%D9%86_%D8%AA%D9%87%D8%B1%D8%A7%D9%86_%D8%B3%D9%84%D8%B3%D8%A8%DB%8C%D9%84_%D8%AF%DB%8C%D9%88%D8%A7%D8%B1/wYd47dgM
104,23,۵۹متر /تکواحد /۲خواب /فروشنده واقعی/ مترو ابن سینا,"۱,۶۰۰,۰۰۰,۰۰۰ تومان",آژانس املاک در پیروزی,https://divar.ir/v/%DB%B5%DB%B9%D9%85%D8%AA%D8%B1-%D8%AA%DA%A9%D9%88%D8%A7%D8%AD%D8%AF-%DB%B2%D8%AE%D9%88%D8%A7%D8%A8-%D9%81%D8%B1%D9%88%D8%B4%D9%86%D8%AF%D9%87-%D9%88%D8%A7%D9%82%D8%B9%DB%8C-%D9%85%D8%AA%D8%B1%D9%88-%D8%A7%D8%A8%D9%86-%D8%B3%DB%8C%D9%86%D8%A7_%D8%A2%D9%BE%D8%A7%D8%B1%D8%AA%D9%85%D8%A7%D9%86_%D8%AA%D9%87%D8%B1%D8%A7%D9%86_%D9%BE%DB%8C%D8%B1%D9%88%D8%B2%DB%8C_%D8%AF%DB%8C%D9%88%D8%A7%D8%B1/wYmcdNbI
105,0,آپارتمان ۶۲ متری دو خواب پارکینگدار,"۱,۶۰۰,۰۰۰,۰۰۰ تومان",آژانس املاک در اسکندری,https://divar.ir/v/%D8%A2%D9%BE%D8%A7%D8%B1%D8%AA%D9%85%D8%A7%D9%86-%DB%B6%DB%B2-%D9%85%D8%AA%D8%B1%DB%8C-%D8%AF%D9%88-%D8%AE%D9%88%D8%A7%D8%A8-%D9%BE%D8%A7%D8%B1%DA%A9%DB%8C%D9%86%DA%AF%D8%AF%D8%A7%D8%B1_%D8%A2%D9%BE%D8%A7%D8%B1%D8%AA%D9%85%D8%A7%D9%86_%D8%AA%D9%87%D8%B1%D8%A7%D9%86_%D8%A7%D8%B3%DA%A9%D9%86%D8%AF%D8%B1%DB%8C_%D8%AF%DB%8C%D9%88%D8%A7%D8%B1/wYE0M5bp
106,1,آپارتمان ۶۳ متری پارکینگ دار طبقه اول سندی,"۱,۵۵۰,۰۰۰,۰۰۰ تومان",آژانس املاک در آذری,https://divar.ir/v/%D8%A2%D9%BE%D8%A7%D8%B1%D8%AA%D9%85%D8%A7%D9%86-%DB%B6%DB%B3-%D9%85%D8%AA%D8%B1%DB%8C-%D9%BE%D8%A7%D8%B1%DA%A9%DB%8C%D9%86%DA%AF-%D8%AF%D8%A7%D8%B1-%D8%B7%D8%A8%D9%82%D9%87-%D8%A7%D9%88%D9%84-%D8%B3%D9%86%D8%AF%DB%8C_%D8%A2%D9%BE%D8%A7%D8%B1%D8%AA%D9%85%D8%A7%D9%86_%D8%AA%D9%87%D8%B1%D8%A7%D9%86_%D8%A2%D8%B0%D8%B1%DB%8C_%D8%AF%DB%8C%D9%88%D8%A7%D8%B1/wYVkZlmx
107,2,۶۰متر ۲خواب پارکینگ دار۳۰متری جی,"۱,۶۵۰,۰۰۰,۰۰۰ تومان",آژانس املاک در جی,https://divar.ir/v/%DB%B6%DB%B0%D9%85%D8%AA%D8%B1-%DB%B2%D8%AE%D9%88%D8%A7%D8%A8-%D9%BE%D8%A7%D8%B1%DA%A9%DB%8C%D9%86%DA%AF-%D8%AF%D8%A7%D8%B1%DB%B3%DB%B0%D9%85%D8%AA%D8%B1%DB%8C-%D8%AC%DB%8C_%D8%A2%D9%BE%D8%A7%D8%B1%D8%AA%D9%85%D8%A7%D9%86_%D8%AA%D9%87%D8%B1%D8%A7%D9%86_%D8%AC%DB%8C_%D8%AF%DB%8C%D9%88%D8%A7%D8%B1/wYRQQjVY
108,3,۶۰متردوخواب،گذر ۱۲متری،جی/سبحانی,"۱,۵۵۰,۰۰۰,۰۰۰ تومان",آژانس املاک در جی,https://divar.ir/v/%DB%B6%DB%B0%D9%85%D8%AA%D8%B1%D8%AF%D9%88%D8%AE%D9%88%D8%A7%D8%A8-%DA%AF%D8%B0%D8%B1-%DB%B1%DB%B2%D9%85%D8%AA%D8%B1%DB%8C-%D8%AC%DB%8C-%D8%B3%D8%A8%D8%AD%D8%A7%D9%86%DB%8C_%D8%A2%D9%BE%D8%A7%D8%B1%D8%AA%D9%85%D8%A7%D9%86_%D8%AA%D9%87%D8%B1%D8%A7%D9%86_%D8%AC%DB%8C_%D8%AF%DB%8C%D9%88%D8%A7%D8%B1/wYc8BxWA
110,5,۶۰متر/۲خواب/تکواحدی/جیحون,"۱,۶۲۰,۰۰۰,۰۰۰ تومان",آژانس املاک در جیحون,https://divar.ir/v/%DB%B6%DB%B0%D9%85%D8%AA%D8%B1-%DB%B2%D8%AE%D9%88%D8%A7%D8%A8-%D8%AA%DA%A9%D9%88%D8%A7%D8%AD%D8%AF%DB%8C-%D8%AC%DB%8C%D8%AD%D9%88%D9%86_%D8%A2%D9%BE%D8%A7%D8%B1%D8%AA%D9%85%D8%A7%D9%86_%D8%AA%D9%87%D8%B1%D8%A7%D9%86_%D8%AC%DB%8C%D8%AD%D9%88%D9%86_%D8%AF%DB%8C%D9%88%D8%A7%D8%B1/wYY0YtFJ
114,9,60 متر تک واحدی جیحون,"۱,۶۰۰,۰۰۰,۰۰۰ تومان",آژانس املاک در جیحون,https://divar.ir/v/60-%D9%85%D8%AA%D8%B1-%D8%AA%DA%A9-%D9%88%D8%A7%D8%AD%D8%AF%DB%8C-%D8%AC%DB%8C%D8%AD%D9%88%D9%86_%D8%A2%D9%BE%D8%A7%D8%B1%D8%AA%D9%85%D8%A7%D9%86_%D8%AA%D9%87%D8%B1%D8%A7%D9%86_%D8%AC%DB%8C%D8%AD%D9%88%D9%86_%D8%AF%DB%8C%D9%88%D8%A7%D8%B1/wYc034tj
115,10,آپارتمان *تک واحدی *2خواب,"۱,۶۵۰,۰۰۰,۰۰۰ تومان",مشاور املاک در افسریه,https://divar.ir/v/%D8%A2%D9%BE%D8%A7%D8%B1%D8%AA%D9%85%D8%A7%D9%86-%D8%AA%DA%A9-%D9%88%D8%A7%D8%AD%D8%AF%DB%8C-2%D8%AE%D9%88%D8%A7%D8%A8_%D8%A2%D9%BE%D8%A7%D8%B1%D8%AA%D9%85%D8%A7%D9%86_%D8%AA%D9%87%D8%B1%D8%A7%D9%86_%D8%A7%D9%81%D8%B3%D8%B1%DB%8C%D9%87_%D8%AF%DB%8C%D9%88%D8%A7%D8%B1/wYcY5Br_
116,11,61متر دو خواب فول بازسازی,"۱,۶۰۰,۰۰۰,۰۰۰ تومان",آژانس املاک در جیحون,https://divar.ir/v/61%D9%85%D8%AA%D8%B1-%D8%AF%D9%88-%D8%AE%D9%88%D8%A7%D8%A8-%D9%81%D9%88%D9%84-%D8%A8%D8%A7%D8%B2%D8%B3%D8%A7%D8%B2%DB%8C_%D8%A2%D9%BE%D8%A7%D8%B1%D8%AA%D9%85%D8%A7%D9%86_%D8%AA%D9%87%D8%B1%D8%A7%D9%86_%D8%AC%DB%8C%D8%AD%D9%88%D9%86_%D8%AF%DB%8C%D9%88%D8%A7%D8%B1/wYUcYN9T
117,12,60متری آپارتمان اسلام اباد تک واحدی,"۱,۶۰۰,۰۰۰,۰۰۰ تومان",آژانس املاک در افسریه,https://divar.ir/v/60%D9%85%D8%AA%D8%B1%DB%8C-%D8%A2%D9%BE%D8%A7%D8%B1%D8%AA%D9%85%D8%A7%D9%86-%D8%A7%D8%B3%D9%84%D8%A7%D9%85-%D8%A7%D8%A8%D8%A7%D8%AF-%D8%AA%DA%A9-%D9%88%D8%A7%D8%AD%D8%AF%DB%8C_%D8%A2%D9%BE%D8%A7%D8%B1%D8%AA%D9%85%D8%A7%D9%86_%D8%AA%D9%87%D8%B1%D8%A7%D9%86_%D8%A7%D9%81%D8%B3%D8%B1%DB%8C%D9%87_%D8%AF%DB%8C%D9%88%D8%A7%D8%B1/wYcYKpYK
118,13,اپارتمان ۶۲متری ۲خواب,"۱,۶۰۰,۰۰۰,۰۰۰ تومان",هفتهٔ پیش در شهادت,https://divar.ir/v/%D8%A7%D9%BE%D8%A7%D8%B1%D8%AA%D9%85%D8%A7%D9%86-%DB%B6%DB%B2%D9%85%D8%AA%D8%B1%DB%8C-%DB%B2%D8%AE%D9%88%D8%A7%D8%A8_%D8%A2%D9%BE%D8%A7%D8%B1%D8%AA%D9%85%D8%A7%D9%86_%D8%AA%D9%87%D8%B1%D8%A7%D9%86_%D8%B4%D9%87%D8%A7%D8%AF%D8%AA_%D8%AF%DB%8C%D9%88%D8%A7%D8%B1/wYcoq45I
125,4,55 متر* تکواحدی* دو خواب * خ قزوین,"۱,۵۰۰,۰۰۰,۰۰۰ تومان",آژانس املاک در قلمستان,https://divar.ir/v/55-%D9%85%D8%AA%D8%B1-%D8%AA%DA%A9%D9%88%D8%A7%D8%AD%D8%AF%DB%8C-%D8%AF%D9%88-%D8%AE%D9%88%D8%A7%D8%A8-%D8%AE-%D9%82%D8%B2%D9%88%DB%8C%D9%86_%D8%A2%D9%BE%D8%A7%D8%B1%D8%AA%D9%85%D8%A7%D9%86_%D8%AA%D9%87%D8%B1%D8%A7%D9%86_%D9%82%D9%84%D9%85%D8%B3%D8%AA%D8%A7%D9%86_%D8%AF%DB%8C%D9%88%D8%A7%D8%B1/wYQkXsEr
127,6,۶۰متری تکواحدی ۲خواب کمیل,"۱,۶۱۰,۰۰۰,۰۰۰ تومان",آژانس املاک در جیحون,https://divar.ir/v/%DB%B6%DB%B0%D9%85%D8%AA%D8%B1%DB%8C-%D8%AA%DA%A9%D9%88%D8%A7%D8%AD%D8%AF%DB%8C-%DB%B2%D8%AE%D9%88%D8%A7%D8%A8-%DA%A9%D9%85%DB%8C%D9%84_%D8%A2%D9%BE%D8%A7%D8%B1%D8%AA%D9%85%D8%A7%D9%86_%D8%AA%D9%87%D8%B1%D8%A7%D9%86_%D8%AC%DB%8C%D8%AD%D9%88%D9%86_%D8%AF%DB%8C%D9%88%D8%A7%D8%B1/wYQMoEzv
128,7,60 متری دو خوابه تخلیه تک واحدی(تاجیک),"۱,۶۰۰,۰۰۰,۰۰۰ تومان",آژانس املاک در پیروزی,https://divar.ir/v/60-%D9%85%D8%AA%D8%B1%DB%8C-%D8%AF%D9%88-%D8%AE%D9%88%D8%A7%D8%A8%D9%87-%D8%AA%D8%AE%D9%84%DB%8C%D9%87-%D8%AA%DA%A9-%D9%88%D8%A7%D8%AD%D8%AF%DB%8C-%D8%AA%D8%A7%D8%AC%DB%8C%DA%A9-_%D8%A2%D9%BE%D8%A7%D8%B1%D8%AA%D9%85%D8%A7%D9%86_%D8%AA%D9%87%D8%B1%D8%A7%D9%86_%D9%BE%DB%8C%D8%B1%D9%88%D8%B2%DB%8C_%D8%AF%DB%8C%D9%88%D8%A7%D8%B1/wYRELhA1
129,8,۵۵متر/۲خواب/خوشنقشه/هفت چنار,"۱,۶۵۰,۰۰۰,۰۰۰ تومان",آژانس املاک در جیحون,https://divar.ir/v/%DB%B5%DB%B5%D9%85%D8%AA%D8%B1-%DB%B2%D8%AE%D9%88%D8%A7%D8%A8-%D8%AE%D9%88%D8%B4%D9%86%D9%82%D8%B4%D9%87-%D9%87%D9%81%D8%AA-%DA%86%D9%86%D8%A7%D8%B1_%D8%A2%D9%BE%D8%A7%D8%B1%D8%AA%D9%85%D8%A7%D9%86_%D8%AA%D9%87%D8%B1%D8%A7%D9%86_%D8%AC%DB%8C%D8%AD%D9%88%D9%86_%D8%AF%DB%8C%D9%88%D8%A7%D8%B1/wYR47uHU
130,9,۵۸ متر/۲ خواب/خوش نقشه/رنجبر,"۱,۶۵۰,۰۰۰,۰۰۰ تومان",آژانس املاک در جیحون,https://divar.ir/v/%DB%B5%DB%B8-%D9%85%D8%AA%D8%B1-%DB%B2-%D8%AE%D9%88%D8%A7%D8%A8-%D8%AE%D9%88%D8%B4-%D9%86%D9%82%D8%B4%D9%87-%D8%B1%D9%86%D8%AC%D8%A8%D8%B1_%D8%A2%D9%BE%D8%A7%D8%B1%D8%AA%D9%85%D8%A7%D9%86_%D8%AA%D9%87%D8%B1%D8%A7%D9%86_%D8%AC%DB%8C%D8%AD%D9%88%D9%86_%D8%AF%DB%8C%D9%88%D8%A7%D8%B1/wYFosf2-
131,10,آپارتمان55متری تکواحدی منتظری,"۱,۵۴۰,۰۰۰,۰۰۰ تومان",آژانس املاک در دیلمان,https://divar.ir/v/%D8%A2%D9%BE%D8%A7%D8%B1%D8%AA%D9%85%D8%A7%D9%8655%D9%85%D8%AA%D8%B1%DB%8C-%D8%AA%DA%A9%D9%88%D8%A7%D8%AD%D8%AF%DB%8C-%D9%85%D9%86%D8%AA%D8%B8%D8%B1%DB%8C_%D8%A2%D9%BE%D8%A7%D8%B1%D8%AA%D9%85%D8%A7%D9%86_%D8%AA%D9%87%D8%B1%D8%A7%D9%86_%D8%AF%DB%8C%D9%84%D9%85%D8%A7%D9%86_%D8%AF%DB%8C%D9%88%D8%A7%D8%B1/wYSIjqiI
132,11,۵۵ متر دو خواب همکف ۹متر پاسیو سلسبیل سپه,"۱,۶۵۰,۰۰۰,۰۰۰ تومان",آژانس املاک در سلسبیل,https://divar.ir/v/%DB%B5%DB%B5-%D9%85%D8%AA%D8%B1-%D8%AF%D9%88-%D8%AE%D9%88%D8%A7%D8%A8-%D9%87%D9%85%DA%A9%D9%81-%DB%B9%D9%85%D8%AA%D8%B1-%D9%BE%D8%A7%D8%B3%DB%8C%D9%88-%D8%B3%D9%84%D8%B3%D8%A8%DB%8C%D9%84-%D8%B3%D9%BE%D9%87_%D8%A2%D9%BE%D8%A7%D8%B1%D8%AA%D9%85%D8%A7%D9%86_%D8%AA%D9%87%D8%B1%D8%A7%D9%86_%D8%B3%D9%84%D8%B3%D8%A8%DB%8C%D9%84_%D8%AF%DB%8C%D9%88%D8%A7%D8%B1/wYQE7otF
133,12,واحد 57متری عروسک دوخوابه,"۱,۶۵۰,۰۰۰,۰۰۰ تومان",۲ هفته پیش در امیریه,https://divar.ir/v/%D9%88%D8%A7%D8%AD%D8%AF-57%D9%85%D8%AA%D8%B1%DB%8C-%D8%B9%D8%B1%D9%88%D8%B3%DA%A9-%D8%AF%D9%88%D8%AE%D9%88%D8%A7%D8%A8%D9%87_%D8%A2%D9%BE%D8%A7%D8%B1%D8%AA%D9%85%D8%A7%D9%86_%D8%AA%D9%87%D8%B1%D8%A7%D9%86_%D8%A7%D9%85%DB%8C%D8%B1%DB%8C%D9%87_%D8%AF%DB%8C%D9%88%D8%A7%D8%B1/wYSUfZL3
134,13,60متر/خوش‌نقشه/سالن مربع,"۱,۵۵۰,۰۰۰,۰۰۰ تومان",مشاور املاک در جی,https://divar.ir/v/60%D9%85%D8%AA%D8%B1-%D8%AE%D9%88%D8%B4-%D9%86%D9%82%D8%B4%D9%87-%D8%B3%D8%A7%D9%84%D9%86-%D9%85%D8%B1%D8%A8%D8%B9_%D8%A2%D9%BE%D8%A7%D8%B1%D8%AA%D9%85%D8%A7%D9%86_%D8%AA%D9%87%D8%B1%D8%A7%D9%86_%D8%AC%DB%8C_%D8%AF%DB%8C%D9%88%D8%A7%D8%B1/wYSgfa3x
135,14,اپارتمان63متری با حیاط اختصاصی/رودکی سپه/,"۱,۵۰۰,۰۰۰,۰۰۰ تومان",مشاور املاک در سلسبیل,https://divar.ir/v/%D8%A7%D9%BE%D8%A7%D8%B1%D8%AA%D9%85%D8%A7%D9%8663%D9%85%D8%AA%D8%B1%DB%8C-%D8%A8%D8%A7-%D8%AD%DB%8C%D8%A7%D8%B7-%D8%A7%D8%AE%D8%AA%D8%B5%D8%A7%D8%B5%DB%8C-%D8%B1%D9%88%D8%AF%DA%A9%DB%8C-%D8%B3%D9%BE%D9%87-_%D8%A2%D9%BE%D8%A7%D8%B1%D8%AA%D9%85%D8%A7%D9%86_%D8%AA%D9%87%D8%B1%D8%A7%D9%86_%D8%B3%D9%84%D8%B3%D8%A8%DB%8C%D9%84_%D8%AF%DB%8C%D9%88%D8%A7%D8%B1/wYS4_-Zx
136,15,فروش اپارتمان ۶۰ متری دو خواب,"۱,۶۰۰,۰۰۰,۰۰۰ تومان",آژانس املاک در تولید دارو,https://divar.ir/v/%D9%81%D8%B1%D9%88%D8%B4-%D8%A7%D9%BE%D8%A7%D8%B1%D8%AA%D9%85%D8%A7%D9%86-%DB%B6%DB%B0-%D9%85%D8%AA%D8%B1%DB%8C-%D8%AF%D9%88-%D8%AE%D9%88%D8%A7%D8%A8_%D8%A2%D9%BE%D8%A7%D8%B1%D8%AA%D9%85%D8%A7%D9%86_%D8%AA%D9%87%D8%B1%D8%A7%D9%86_%D8%AA%D9%88%D9%84%DB%8C%D8%AF-%D8%AF%D8%A7%D8%B1%D9%88_%D8%AF%DB%8C%D9%88%D8%A7%D8%B1/wYT0wtvn
137,16,تکواحدی شمالی۶۳متری طبقه سوم/افسریه جنوبی,"۱,۶۵۰,۰۰۰,۰۰۰ تومان",مشاور املاک در افسریه,https://divar.ir/v/%D8%AA%DA%A9%D9%88%D8%A7%D8%AD%D8%AF%DB%8C-%D8%B4%D9%85%D8%A7%D9%84%DB%8C%DB%B6%DB%B3%D9%85%D8%AA%D8%B1%DB%8C-%D8%B7%D8%A8%D9%82%D9%87-%D8%B3%D9%88%D9%85-%D8%A7%D9%81%D8%B3%D8%B1%DB%8C%D9%87-%D8%AC%D9%86%D9%88%D8%A8%DB%8C_%D8%A2%D9%BE%D8%A7%D8%B1%D8%AA%D9%85%D8%A7%D9%86_%D8%AA%D9%87%D8%B1%D8%A7%D9%86_%D8%A7%D9%81%D8%B3%D8%B1%DB%8C%D9%87_%D8%AF%DB%8C%D9%88%D8%A7%D8%B1/wYTEBle5
138,17,۶۰متر دوخواب تکواحدی پرده خور,"۱,۵۹۰,۰۰۰,۰۰۰ تومان",آژانس املاک در جی,https://divar.ir/v/%DB%B6%DB%B0%D9%85%D8%AA%D8%B1-%D8%AF%D9%88%D8%AE%D9%88%D8%A7%D8%A8-%D8%AA%DA%A9%D9%88%D8%A7%D8%AD%D8%AF%DB%8C-%D9%BE%D8%B1%D8%AF%D9%87-%D8%AE%D9%88%D8%B1_%D8%A2%D9%BE%D8%A7%D8%B1%D8%AA%D9%85%D8%A7%D9%86_%D8%AA%D9%87%D8%B1%D8%A7%D9%86_%D8%AC%DB%8C_%D8%AF%DB%8C%D9%88%D8%A7%D8%B1/wYTYT_nc
143,4,56متری اسکندری شکوفه,"۱,۵۵۰,۰۰۰,۰۰۰ تومان",آژانس املاک در اسکندری,https://divar.ir/v/56%D9%85%D8%AA%D8%B1%DB%8C-%D8%A7%D8%B3%DA%A9%D9%86%D8%AF%D8%B1%DB%8C-%D8%B4%DA%A9%D9%88%D9%81%D9%87_%D8%A2%D9%BE%D8%A7%D8%B1%D8%AA%D9%85%D8%A7%D9%86_%D8%AA%D9%87%D8%B1%D8%A7%D9%86_%D8%A7%D8%B3%DA%A9%D9%86%D8%AF%D8%B1%DB%8C_%D8%AF%DB%8C%D9%88%D8%A7%D8%B1/wYdUn8k5
144,5,62متردوخواب,"۱,۶۰۰,۰۰۰,۰۰۰ تومان",مشاور املاک در مهرآباد جنوبی,https://divar.ir/v/62%D9%85%D8%AA%D8%B1%D8%AF%D9%88%D8%AE%D9%88%D8%A7%D8%A8_%D8%A2%D9%BE%D8%A7%D8%B1%D8%AA%D9%85%D8%A7%D9%86_%D8%AA%D9%87%D8%B1%D8%A7%D9%86_%D9%85%D9%87%D8%B1%D8%A2%D8%A8%D8%A7%D8%AF-%D8%AC%D9%86%D9%88%D8%A8%DB%8C_%D8%AF%DB%8C%D9%88%D8%A7%D8%B1/wYocBsa7
146,7,۶۱متر/پارکینگدار/خوش نقشه/فول بازسازی,"۱,۶۰۰,۰۰۰,۰۰۰ تومان",آژانس املاک در جی,https://divar.ir/v/%DB%B6%DB%B1%D9%85%D8%AA%D8%B1-%D9%BE%D8%A7%D8%B1%DA%A9%DB%8C%D9%86%DA%AF%D8%AF%D8%A7%D8%B1-%D8%AE%D9%88%D8%B4-%D9%86%D9%82%D8%B4%D9%87-%D9%81%D9%88%D9%84-%D8%A8%D8%A7%D8%B2%D8%B3%D8%A7%D8%B2%DB%8C_%D8%A2%D9%BE%D8%A7%D8%B1%D8%AA%D9%85%D8%A7%D9%86_%D8%AA%D9%87%D8%B1%D8%A7%D9%86_%D8%AC%DB%8C_%D8%AF%DB%8C%D9%88%D8%A7%D8%B1/wYo0x68X
147,8,۶۰متر/دوخواب/فول امکانات/تکواحدی,"۱,۶۰۰,۰۰۰,۰۰۰ تومان",آژانس املاک در نواب,https://divar.ir/v/%DB%B6%DB%B0%D9%85%D8%AA%D8%B1-%D8%AF%D9%88%D8%AE%D9%88%D8%A7%D8%A8-%D9%81%D9%88%D9%84-%D8%A7%D9%85%DA%A9%D8%A7%D9%86%D8%A7%D8%AA-%D8%AA%DA%A9%D9%88%D8%A7%D8%AD%D8%AF%DB%8C_%D8%A2%D9%BE%D8%A7%D8%B1%D8%AA%D9%85%D8%A7%D9%86_%D8%AA%D9%87%D8%B1%D8%A7%D9%86_%D9%86%D9%88%D8%A7%D8%A8_%D8%AF%DB%8C%D9%88%D8%A7%D8%B1/wYo4iZDA
148,9,۶۰ متر/دو خواب/نبرد شمالی چهار راه کوکا,"۱,۶۵۰,۰۰۰,۰۰۰ تومان",آژانس املاک در پیروزی,https://divar.ir/v/%DB%B6%DB%B0-%D9%85%D8%AA%D8%B1-%D8%AF%D9%88-%D8%AE%D9%88%D8%A7%D8%A8-%D9%86%D8%A8%D8%B1%D8%AF-%D8%B4%D9%85%D8%A7%D9%84%DB%8C-%DA%86%D9%87%D8%A7%D8%B1-%D8%B1%D8%A7%D9%87-%DA%A9%D9%88%DA%A9%D8%A7_%D8%A2%D9%BE%D8%A7%D8%B1%D8%AA%D9%85%D8%A7%D9%86_%D8%AA%D9%87%D8%B1%D8%A7%D9%86_%D9%BE%DB%8C%D8%B1%D9%88%D8%B2%DB%8C_%D8%AF%DB%8C%D9%88%D8%A7%D8%B1/wYogS8D4
155,0,۶۱ متر سرمایه گذاری,"۱,۶۰۰,۰۰۰,۰۰۰ تومان",آژانس املاک در سلسبیل,https://divar.ir/v/%DB%B6%DB%B1-%D9%85%D8%AA%D8%B1-%D8%B3%D8%B1%D9%85%D8%A7%DB%8C%D9%87-%DA%AF%D8%B0%D8%A7%D8%B1%DB%8C_%D8%A2%D9%BE%D8%A7%D8%B1%D8%AA%D9%85%D8%A7%D9%86_%D8%AA%D9%87%D8%B1%D8%A7%D9%86_%D8%B3%D9%84%D8%B3%D8%A8%DB%8C%D9%84_%D8%AF%DB%8C%D9%88%D8%A7%D8%B1/wYE0I1jk
157,2,خوش قصرالدشت 62متر/تک‌واحدی/خوش نقشه,"۱,۶۲۰,۰۰۰,۰۰۰ تومان",آژانس املاک در سلسبیل,https://divar.ir/v/%D8%AE%D9%88%D8%B4-%D9%82%D8%B5%D8%B1%D8%A7%D9%84%D8%AF%D8%B4%D8%AA-62%D9%85%D8%AA%D8%B1-%D8%AA%DA%A9-%D9%88%D8%A7%D8%AD%D8%AF%DB%8C-%D8%AE%D9%88%D8%B4-%D9%86%D9%82%D8%B4%D9%87_%D8%A2%D9%BE%D8%A7%D8%B1%D8%AA%D9%85%D8%A7%D9%86_%D8%AA%D9%87%D8%B1%D8%A7%D9%86_%D8%B3%D9%84%D8%B3%D8%A8%DB%8C%D9%84_%D8%AF%DB%8C%D9%88%D8%A7%D8%B1/wYEgJMKE
158,3,آپارتمان ۶۰ متری اسکندری,"۱,۶۵۰,۰۰۰,۰۰۰ تومان",۴ هفته پیش در اسکندری,https://divar.ir/v/%D8%A2%D9%BE%D8%A7%D8%B1%D8%AA%D9%85%D8%A7%D9%86-%DB%B6%DB%B0-%D9%85%D8%AA%D8%B1%DB%8C-%D8%A7%D8%B3%DA%A9%D9%86%D8%AF%D8%B1%DB%8C_%D8%A2%D9%BE%D8%A7%D8%B1%D8%AA%D9%85%D8%A7%D9%86_%D8%AA%D9%87%D8%B1%D8%A7%D9%86_%D8%A7%D8%B3%DA%A9%D9%86%D8%AF%D8%B1%DB%8C_%D8%AF%DB%8C%D9%88%D8%A7%D8%B1/wYE0-VT9
159,4,۶۰متر/دوخواب/تک واحدی/سالن پرده خور,"۱,۶۰۰,۰۰۰,۰۰۰ تومان",آژانس املاک در جیحون,https://divar.ir/v/%DB%B6%DB%B0%D9%85%D8%AA%D8%B1-%D8%AF%D9%88%D8%AE%D9%88%D8%A7%D8%A8-%D8%AA%DA%A9-%D9%88%D8%A7%D8%AD%D8%AF%DB%8C-%D8%B3%D8%A7%D9%84%D9%86-%D9%BE%D8%B1%D8%AF%D9%87-%D8%AE%D9%88%D8%B1_%D8%A2%D9%BE%D8%A7%D8%B1%D8%AA%D9%85%D8%A7%D9%86_%D8%AA%D9%87%D8%B1%D8%A7%D9%86_%D8%AC%DB%8C%D8%AD%D9%88%D9%86_%D8%AF%DB%8C%D9%88%D8%A7%D8%B1/wYFsbZqa
160,5,آپارتمان ۶۳متر ۲خواب فول بازسازی شده,"۱,۵۵۰,۰۰۰,۰۰۰ تومان",آژانس املاک در هاشمی,https://divar.ir/v/%D8%A2%D9%BE%D8%A7%D8%B1%D8%AA%D9%85%D8%A7%D9%86-%DB%B6%DB%B3%D9%85%D8%AA%D8%B1-%DB%B2%D8%AE%D9%88%D8%A7%D8%A8-%D9%81%D9%88%D9%84-%D8%A8%D8%A7%D8%B2%D8%B3%D8%A7%D8%B2%DB%8C-%D8%B4%D8%AF%D9%87_%D8%A2%D9%BE%D8%A7%D8%B1%D8%AA%D9%85%D8%A7%D9%86_%D8%AA%D9%87%D8%B1%D8%A7%D9%86_%D9%87%D8%A7%D8%B4%D9%85%DB%8C_%D8%AF%DB%8C%D9%88%D8%A7%D8%B1/wYFM8YkL
161,6,۶۰ متر/دو خوابه/فول امکانات,"۱,۵۵۰,۰۰۰,۰۰۰ تومان",آژانس املاک در سلسبیل,https://divar.ir/v/%DB%B6%DB%B0-%D9%85%D8%AA%D8%B1-%D8%AF%D9%88-%D8%AE%D9%88%D8%A7%D8%A8%D9%87-%D9%81%D9%88%D9%84-%D8%A7%D9%85%DA%A9%D8%A7%D9%86%D8%A7%D8%AA_%D8%A2%D9%BE%D8%A7%D8%B1%D8%AA%D9%85%D8%A7%D9%86_%D8%AA%D9%87%D8%B1%D8%A7%D9%86_%D8%B3%D9%84%D8%B3%D8%A8%DB%8C%D9%84_%D8%AF%DB%8C%D9%88%D8%A7%D8%B1/wYFINK_c
162,7,۵۶متر/دوخواب/بازسازی شده,"۱,۵۵۰,۰۰۰,۰۰۰ تومان",آژانس املاک در صاحب الزمان,https://divar.ir/v/%DB%B5%DB%B6%D9%85%D8%AA%D8%B1-%D8%AF%D9%88%D8%AE%D9%88%D8%A7%D8%A8-%D8%A8%D8%A7%D8%B2%D8%B3%D8%A7%D8%B2%DB%8C-%D8%B4%D8%AF%D9%87_%D8%A2%D9%BE%D8%A7%D8%B1%D8%AA%D9%85%D8%A7%D9%86_%D8%AA%D9%87%D8%B1%D8%A7%D9%86_%D8%B5%D8%A7%D8%AD%D8%A8-%D8%A7%D9%84%D8%B2%D9%85%D8%A7%D9%86_%D8%AF%DB%8C%D9%88%D8%A7%D8%B1/wYH0xP_1
163,8,۵۷ متر دوخواب// قدرالسهم دار// بر اصلی مرتضوی,"۱,۵۹۱,۰۰۰,۰۰۰ تومان",آژانس املاک در سلسبیل,https://divar.ir/v/%DB%B5%DB%B7-%D9%85%D8%AA%D8%B1-%D8%AF%D9%88%D8%AE%D9%88%D8%A7%D8%A8-%D9%82%D8%AF%D8%B1%D8%A7%D9%84%D8%B3%D9%87%D9%85-%D8%AF%D8%A7%D8%B1-%D8%A8%D8%B1-%D8%A7%D8%B5%D9%84%DB%8C-%D9%85%D8%B1%D8%AA%D8%B6%D9%88%DB%8C_%D8%A2%D9%BE%D8%A7%D8%B1%D8%AA%D9%85%D8%A7%D9%86_%D8%AA%D9%87%D8%B1%D8%A7%D9%86_%D8%B3%D9%84%D8%B3%D8%A8%DB%8C%D9%84_%D8%AF%DB%8C%D9%88%D8%A7%D8%B1/wYHMg105
164,9,63متر / دوخوابه / پارکینگ / تقاطع رودکی هاشمی,"۱,۶۱۰,۰۰۰,۰۰۰ تومان",آژانس املاک در سلسبیل,https://divar.ir/v/63%D9%85%D8%AA%D8%B1-%D8%AF%D9%88%D8%AE%D9%88%D8%A7%D8%A8%D9%87-%D9%BE%D8%A7%D8%B1%DA%A9%DB%8C%D9%86%DA%AF-%D8%AA%D9%82%D8%A7%D8%B7%D8%B9-%D8%B1%D9%88%D8%AF%DA%A9%DB%8C-%D9%87%D8%A7%D8%B4%D9%85%DB%8C_%D8%A2%D9%BE%D8%A7%D8%B1%D8%AA%D9%85%D8%A7%D9%86_%D8%AA%D9%87%D8%B1%D8%A7%D9%86_%D8%B3%D9%84%D8%B3%D8%A8%DB%8C%D9%84_%D8%AF%DB%8C%D9%88%D8%A7%D8%B1/wYH8Ce7H
165,10,61متر.دوخواب.فلاح .خ ابوذر.فول امکانات,"۱,۵۶۰,۰۰۰,۰۰۰ تومان",۳ هفته پیش در فلاح,https://divar.ir/v/61%D9%85%D8%AA%D8%B1-%D8%AF%D9%88%D8%AE%D9%88%D8%A7%D8%A8-%D9%81%D9%84%D8%A7%D8%AD-%D8%AE-%D8%A7%D8%A8%D9%88%D8%B0%D8%B1-%D9%81%D9%88%D9%84-%D8%A7%D9%85%DA%A9%D8%A7%D9%86%D8%A7%D8%AA_%D8%A2%D9%BE%D8%A7%D8%B1%D8%AA%D9%85%D8%A7%D9%86_%D8%AA%D9%87%D8%B1%D8%A7%D9%86_%D9%81%D9%84%D8%A7%D8%AD_%D8%AF%DB%8C%D9%88%D8%A7%D8%B1/wYEQ32iJ
166,11,۶۲متردو خواب/با پارکینگ/ امیریه مختاری غربی,"۱,۵۵۰,۰۰۰,۰۰۰ تومان",۳ هفته پیش در امیریه,https://divar.ir/v/%DB%B6%DB%B2%D9%85%D8%AA%D8%B1%D8%AF%D9%88-%D8%AE%D9%88%D8%A7%D8%A8-%D8%A8%D8%A7-%D9%BE%D8%A7%D8%B1%DA%A9%DB%8C%D9%86%DA%AF-%D8%A7%D9%85%DB%8C%D8%B1%DB%8C%D9%87-%D9%85%D8%AE%D8%AA%D8%A7%D8%B1%DB%8C-%D8%BA%D8%B1%D8%A8%DB%8C_%D8%A2%D9%BE%D8%A7%D8%B1%D8%AA%D9%85%D8%A7%D9%86_%D8%AA%D9%87%D8%B1%D8%A7%D9%86_%D8%A7%D9%85%DB%8C%D8%B1%DB%8C%D9%87_%D8%AF%DB%8C%D9%88%D8%A7%D8%B1/wYFcuKgS
167,12,اپارتمان ۵۶متر دوخوابه پیروزی,"۱,۶۰۰,۰۰۰,۰۰۰ تومان",۳ هفته پیش در پیروزی,https://divar.ir/v/%D8%A7%D9%BE%D8%A7%D8%B1%D8%AA%D9%85%D8%A7%D9%86-%DB%B5%DB%B6%D9%85%D8%AA%D8%B1-%D8%AF%D9%88%D8%AE%D9%88%D8%A7%D8%A8%D9%87-%D9%BE%DB%8C%D8%B1%D9%88%D8%B2%DB%8C_%D8%A2%D9%BE%D8%A7%D8%B1%D8%AA%D9%85%D8%A7%D9%86_%D8%AA%D9%87%D8%B1%D8%A7%D9%86_%D9%BE%DB%8C%D8%B1%D9%88%D8%B2%DB%8C_%D8%AF%DB%8C%D9%88%D8%A7%D8%B1/wYHQ1TbU
168,13,آپارتمان ۶۱ متری خوش نقشه و تخیله,"۱,۶۰۰,۰۰۰,۰۰۰ تومان",۳ هفته پیش در دلگشا,https://divar.ir/v/%D8%A2%D9%BE%D8%A7%D8%B1%D8%AA%D9%85%D8%A7%D9%86-%DB%B6%DB%B1-%D9%85%D8%AA%D8%B1%DB%8C-%D8%AE%D9%88%D8%B4-%D9%86%D9%82%D8%B4%D9%87-%D9%88-%D8%AA%D8%AE%DB%8C%D9%84%D9%87_%D8%A2%D9%BE%D8%A7%D8%B1%D8%AA%D9%85%D8%A7%D9%86_%D8%AA%D9%87%D8%B1%D8%A7%D9%86_%D8%AF%D9%84%DA%AF%D8%B4%D8%A7_%D8%AF%DB%8C%D9%88%D8%A7%D8%B1/wYIozh7i
169,14,۶۰متر /دوخوابه/تک واحدی/سبلان/تسلیحات,"۱,۵۰۰,۰۰۰,۰۰۰ تومان",مشاور املاک در سبلان,https://divar.ir/v/%DB%B6%DB%B0%D9%85%D8%AA%D8%B1-%D8%AF%D9%88%D8%AE%D9%88%D8%A7%D8%A8%D9%87-%D8%AA%DA%A9-%D9%88%D8%A7%D8%AD%D8%AF%DB%8C-%D8%B3%D8%A8%D9%84%D8%A7%D9%86-%D8%AA%D8%B3%D9%84%DB%8C%D8%AD%D8%A7%D8%AA_%D8%A2%D9%BE%D8%A7%D8%B1%D8%AA%D9%85%D8%A7%D9%86_%D8%AA%D9%87%D8%B1%D8%A7%D9%86_%D8%B3%D8%A8%D9%84%D8%A7%D9%86_%D8%AF%DB%8C%D9%88%D8%A7%D8%B1/wYJQLz2b
170,15,آپارتمان وام دار ۵۰ متری دو خواب تخت خور,"۱,۵۹۰,۰۰۰,۰۰۰ تومان",آژانس املاک در سلسبیل,https://divar.ir/v/%D8%A2%D9%BE%D8%A7%D8%B1%D8%AA%D9%85%D8%A7%D9%86-%D9%88%D8%A7%D9%85-%D8%AF%D8%A7%D8%B1-%DB%B5%DB%B0-%D9%85%D8%AA%D8%B1%DB%8C-%D8%AF%D9%88-%D8%AE%D9%88%D8%A7%D8%A8-%D8%AA%D8%AE%D8%AA-%D8%AE%D9%88%D8%B1_%D8%A2%D9%BE%D8%A7%D8%B1%D8%AA%D9%85%D8%A7%D9%86_%D8%AA%D9%87%D8%B1%D8%A7%D9%86_%D8%B3%D9%84%D8%B3%D8%A8%DB%8C%D9%84_%D8%AF%DB%8C%D9%88%D8%A7%D8%B1/wYE04Zo2
171,16,۵۶ متر تکواحدی,"۱,۵۷۰,۰۰۰,۰۰۰ تومان",۳ هفته پیش در پیروزی,https://divar.ir/v/%DB%B5%DB%B6-%D9%85%D8%AA%D8%B1-%D8%AA%DA%A9%D9%88%D8%A7%D8%AD%D8%AF%DB%8C_%D8%A2%D9%BE%D8%A7%D8%B1%D8%AA%D9%85%D8%A7%D9%86_%D8%AA%D9%87%D8%B1%D8%A7%D9%86_%D9%BE%DB%8C%D8%B1%D9%88%D8%B2%DB%8C_%D8%AF%DB%8C%D9%88%D8%A7%D8%B1/wYJsb3aY
172,17,۵۸متر/بازسازی شده/براصلی,"۱,۵۸۵,۰۰۰,۰۰۰ تومان",آژانس املاک در سلسبیل,https://divar.ir/v/%DB%B5%DB%B8%D9%85%D8%AA%D8%B1-%D8%A8%D8%A7%D8%B2%D8%B3%D8%A7%D8%B2%DB%8C-%D8%B4%D8%AF%D9%87-%D8%A8%D8%B1%D8%A7%D8%B5%D9%84%DB%8C_%D8%A2%D9%BE%D8%A7%D8%B1%D8%AA%D9%85%D8%A7%D9%86_%D8%AA%D9%87%D8%B1%D8%A7%D9%86_%D8%B3%D9%84%D8%B3%D8%A8%DB%8C%D9%84_%D8%AF%DB%8C%D9%88%D8%A7%D8%B1/wYGISJKx
177,4,57متر*2 خواب*تک واحدی* قدرالسهم دار. دامپزشکی,"۱,۶۵۰,۰۰۰,۰۰۰ تومان",آژانس املاک در آذربایجان,https://divar.ir/v/57%D9%85%D8%AA%D8%B1-2-%D8%AE%D9%88%D8%A7%D8%A8-%D8%AA%DA%A9-%D9%88%D8%A7%D8%AD%D8%AF%DB%8C-%D9%82%D8%AF%D8%B1%D8%A7%D9%84%D8%B3%D9%87%D9%85-%D8%AF%D8%A7%D8%B1-%D8%AF%D8%A7%D9%85%D9%BE%D8%B2%D8%B4%DA%A9%DB%8C_%D8%A2%D9%BE%D8%A7%D8%B1%D8%AA%D9%85%D8%A7%D9%86_%D8%AA%D9%87%D8%B1%D8%A7%D9%86_%D8%A2%D8%B0%D8%B1%D8%A8%D8%A7%DB%8C%D8%AC%D8%A7%D9%86_%D8%AF%DB%8C%D9%88%D8%A7%D8%B1/wYTAUHC5
178,5,57متر. دوخواب. جیحون.حسام الدین,"۱,۶۰۰,۰۰۰,۰۰۰ تومان",آژانس املاک در جیحون,https://divar.ir/v/57%D9%85%D8%AA%D8%B1-%D8%AF%D9%88%D8%AE%D9%88%D8%A7%D8%A8-%D8%AC%DB%8C%D8%AD%D9%88%D9%86-%D8%AD%D8%B3%D8%A7%D9%85-%D8%A7%D9%84%D8%AF%DB%8C%D9%86_%D8%A2%D9%BE%D8%A7%D8%B1%D8%AA%D9%85%D8%A7%D9%86_%D8%AA%D9%87%D8%B1%D8%A7%D9%86_%D8%AC%DB%8C%D8%AD%D9%88%D9%86_%D8%AF%DB%8C%D9%88%D8%A7%D8%B1/wYR8toXT
179,6,۵۶متر دو خواب/پاسیو دار(رودکی تقاطع سپه),"۱,۶۳۰,۰۰۰,۰۰۰ تومان",آژانس املاک در سلسبیل,https://divar.ir/v/%DB%B5%DB%B6%D9%85%D8%AA%D8%B1-%D8%AF%D9%88-%D8%AE%D9%88%D8%A7%D8%A8-%D9%BE%D8%A7%D8%B3%DB%8C%D9%88-%D8%AF%D8%A7%D8%B1-%D8%B1%D9%88%D8%AF%DA%A9%DB%8C-%D8%AA%D9%82%D8%A7%D8%B7%D8%B9-%D8%B3%D9%BE%D9%87-_%D8%A2%D9%BE%D8%A7%D8%B1%D8%AA%D9%85%D8%A7%D9%86_%D8%AA%D9%87%D8%B1%D8%A7%D9%86_%D8%B3%D9%84%D8%B3%D8%A8%DB%8C%D9%84_%D8%AF%DB%8C%D9%88%D8%A7%D8%B1/wYQEqD-I
181,8,آپارتمان 63 متر ،2 خوابه ، تک واحدی,"۱,۶۵۰,۰۰۰,۰۰۰ تومان",۲ هفته پیش در افسریه,https://divar.ir/v/%D8%A2%D9%BE%D8%A7%D8%B1%D8%AA%D9%85%D8%A7%D9%86-63-%D9%85%D8%AA%D8%B1-2-%D8%AE%D9%88%D8%A7%D8%A8%D9%87-%D8%AA%DA%A9-%D9%88%D8%A7%D8%AD%D8%AF%DB%8C_%D8%A2%D9%BE%D8%A7%D8%B1%D8%AA%D9%85%D8%A7%D9%86_%D8%AA%D9%87%D8%B1%D8%A7%D9%86_%D8%A7%D9%81%D8%B3%D8%B1%DB%8C%D9%87_%D8%AF%DB%8C%D9%88%D8%A7%D8%B1/wYT8JxNn
182,9,آپارتمان 63 متر,"۱,۶۰۰,۰۰۰,۰۰۰ تومان",۲ هفته پیش در مینا,https://divar.ir/v/%D8%A2%D9%BE%D8%A7%D8%B1%D8%AA%D9%85%D8%A7%D9%86-63-%D9%85%D8%AA%D8%B1_%D8%A2%D9%BE%D8%A7%D8%B1%D8%AA%D9%85%D8%A7%D9%86_%D8%AA%D9%87%D8%B1%D8%A7%D9%86_%D9%85%DB%8C%D9%86%D8%A7_%D8%AF%DB%8C%D9%88%D8%A7%D8%B1/wYTs6Hdu
183,10,آپارتمان ۶۰ متری دو خوابه جیحون صاحب الزمان,"۱,۶۰۰,۰۰۰,۰۰۰ تومان",آژانس املاک در صاحب الزمان,https://divar.ir/v/%D8%A2%D9%BE%D8%A7%D8%B1%D8%AA%D9%85%D8%A7%D9%86-%DB%B6%DB%B0-%D9%85%D8%AA%D8%B1%DB%8C-%D8%AF%D9%88-%D8%AE%D9%88%D8%A7%D8%A8%D9%87-%D8%AC%DB%8C%D8%AD%D9%88%D9%86-%D8%B5%D8%A7%D8%AD%D8%A8-%D8%A7%D9%84%D8%B2%D9%85%D8%A7%D9%86_%D8%A2%D9%BE%D8%A7%D8%B1%D8%AA%D9%85%D8%A7%D9%86_%D8%AA%D9%87%D8%B1%D8%A7%D9%86_%D8%B5%D8%A7%D8%AD%D8%A8-%D8%A7%D9%84%D8%B2%D9%85%D8%A7%D9%86_%D8%AF%DB%8C%D9%88%D8%A7%D8%B1/wYS09yFh
184,11,آپارتمان 62متری تک واحدی پارکینگدار،سپیده شمالی,"۱,۶۵۰,۰۰۰,۰۰۰ تومان",آژانس املاک در شهرک ولیعصر,https://divar.ir/v/%D8%A2%D9%BE%D8%A7%D8%B1%D8%AA%D9%85%D8%A7%D9%86-62%D9%85%D8%AA%D8%B1%DB%8C-%D8%AA%DA%A9-%D9%88%D8%A7%D8%AD%D8%AF%DB%8C-%D9%BE%D8%A7%D8%B1%DA%A9%DB%8C%D9%86%DA%AF%D8%AF%D8%A7%D8%B1-%D8%B3%D9%BE%DB%8C%D8%AF%D9%87-%D8%B4%D9%85%D8%A7%D9%84%DB%8C_%D8%A2%D9%BE%D8%A7%D8%B1%D8%AA%D9%85%D8%A7%D9%86_%D8%AA%D9%87%D8%B1%D8%A7%D9%86_%D8%B4%D9%87%D8%B1%DA%A9-%D9%88%D9%84%DB%8C%D8%B9%D8%B5%D8%B1_%D8%AF%DB%8C%D9%88%D8%A7%D8%B1/wYU4TK-2
191,2,57متر 2خواب تک واحدی دامپزشکی,"۱,۶۴۳,۰۰۰,۰۰۰ تومان",آژانس املاک در آذربایجان,https://divar.ir/v/57%D9%85%D8%AA%D8%B1-2%D8%AE%D9%88%D8%A7%D8%A8-%D8%AA%DA%A9-%D9%88%D8%A7%D8%AD%D8%AF%DB%8C-%D8%AF%D8%A7%D9%85%D9%BE%D8%B2%D8%B4%DA%A9%DB%8C_%D8%A2%D9%BE%D8%A7%D8%B1%D8%AA%D9%85%D8%A7%D9%86_%D8%AA%D9%87%D8%B1%D8%A7%D9%86_%D8%A2%D8%B0%D8%B1%D8%A8%D8%A7%DB%8C%D8%AC%D8%A7%D9%86_%D8%AF%DB%8C%D9%88%D8%A7%D8%B1/wYAkqCQz
192,3,خوش تقاطع امام خمینی60متر2خواب 20متر حیاط اختصاصی,"۱,۶۴۰,۰۰۰,۰۰۰ تومان",آژانس املاک در سلسبیل,https://divar.ir/v/%D8%AE%D9%88%D8%B4-%D8%AA%D9%82%D8%A7%D8%B7%D8%B9-%D8%A7%D9%85%D8%A7%D9%85-%D8%AE%D9%85%DB%8C%D9%86%DB%8C60%D9%85%D8%AA%D8%B12%D8%AE%D9%88%D8%A7%D8%A8-20%D9%85%D8%AA%D8%B1-%D8%AD%DB%8C%D8%A7%D8%B7-%D8%A7%D8%AE%D8%AA%D8%B5%D8%A7%D8%B5%DB%8C_%D8%A2%D9%BE%D8%A7%D8%B1%D8%AA%D9%85%D8%A7%D9%86_%D8%AA%D9%87%D8%B1%D8%A7%D9%86_%D8%B3%D9%84%D8%B3%D8%A8%DB%8C%D9%84_%D8%AF%DB%8C%D9%88%D8%A7%D8%B1/wYCYBC80
193,4,۵۶ متر دوخواب/ پارکینگ غیرمزاحم/ نامجو,"۱,۵۹۰,۰۰۰,۰۰۰ تومان",آژانس املاک در سبلان,https://divar.ir/v/%DB%B5%DB%B6-%D9%85%D8%AA%D8%B1-%D8%AF%D9%88%D8%AE%D9%88%D8%A7%D8%A8-%D9%BE%D8%A7%D8%B1%DA%A9%DB%8C%D9%86%DA%AF-%D8%BA%DB%8C%D8%B1%D9%85%D8%B2%D8%A7%D8%AD%D9%85-%D9%86%D8%A7%D9%85%D8%AC%D9%88_%D8%A2%D9%BE%D8%A7%D8%B1%D8%AA%D9%85%D8%A7%D9%86_%D8%AA%D9%87%D8%B1%D8%A7%D9%86_%D8%B3%D8%A8%D9%84%D8%A7%D9%86_%D8%AF%DB%8C%D9%88%D8%A7%D8%B1/wYJ0Mimr
194,5,62متر/دو خواب/پارکینگ دار/سرمایه گذاری,"۱,۵۰۰,۰۰۰,۰۰۰ تومان",آژانس املاک در نواب,https://divar.ir/v/62%D9%85%D8%AA%D8%B1-%D8%AF%D9%88-%D8%AE%D9%88%D8%A7%D8%A8-%D9%BE%D8%A7%D8%B1%DA%A9%DB%8C%D9%86%DA%AF-%D8%AF%D8%A7%D8%B1-%D8%B3%D8%B1%D9%85%D8%A7%DB%8C%D9%87-%DA%AF%D8%B0%D8%A7%D8%B1%DB%8C_%D8%A2%D9%BE%D8%A7%D8%B1%D8%AA%D9%85%D8%A7%D9%86_%D8%AA%D9%87%D8%B1%D8%A7%D9%86_%D9%86%D9%88%D8%A7%D8%A8_%D8%AF%DB%8C%D9%88%D8%A7%D8%B1/wYJ4MEgi
195,6,۶۰متر یک خواب حسینی,"۱,۵۹۰,۰۰۰,۰۰۰ تومان",۳ هفته پیش در نظام‌آباد,https://divar.ir/v/%DB%B6%DB%B0%D9%85%D8%AA%D8%B1-%DB%8C%DA%A9-%D8%AE%D9%88%D8%A7%D8%A8-%D8%AD%D8%B3%DB%8C%D9%86%DB%8C_%D8%A2%D9%BE%D8%A7%D8%B1%D8%AA%D9%85%D8%A7%D9%86_%D8%AA%D9%87%D8%B1%D8%A7%D9%86_%D9%86%D8%B8%D8%A7%D9%85-%D8%A2%D8%A8%D8%A7%D8%AF_%D8%AF%DB%8C%D9%88%D8%A7%D8%B1/wYJEdMfP
196,7,۶۲متر/پارکینگ غیر مزاحم/خرمشهر شمالی,"۱,۶۰۰,۰۰۰,۰۰۰ تومان",آژانس املاک در اسکندری,https://divar.ir/v/%DB%B6%DB%B2%D9%85%D8%AA%D8%B1-%D9%BE%D8%A7%D8%B1%DA%A9%DB%8C%D9%86%DA%AF-%D8%BA%DB%8C%D8%B1-%D9%85%D8%B2%D8%A7%D8%AD%D9%85-%D8%AE%D8%B1%D9%85%D8%B4%D9%87%D8%B1-%D8%B4%D9%85%D8%A7%D9%84%DB%8C_%D8%A2%D9%BE%D8%A7%D8%B1%D8%AA%D9%85%D8%A7%D9%86_%D8%AA%D9%87%D8%B1%D8%A7%D9%86_%D8%A7%D8%B3%DA%A9%D9%86%D8%AF%D8%B1%DB%8C_%D8%AF%DB%8C%D9%88%D8%A7%D8%B1/wYHU4Z3R
198,9,*۶۳متر ۲خواب نوساز شاندیز*,"۱,۶۴۰,۰۰۰,۰۰۰ تومان",مشاور املاک در فلاح,https://divar.ir/v/%DB%B6%DB%B3%D9%85%D8%AA%D8%B1-%DB%B2%D8%AE%D9%88%D8%A7%D8%A8-%D9%86%D9%88%D8%B3%D8%A7%D8%B2-%D8%B4%D8%A7%D9%86%D8%AF%DB%8C%D8%B2-_%D8%A2%D9%BE%D8%A7%D8%B1%D8%AA%D9%85%D8%A7%D9%86_%D8%AA%D9%87%D8%B1%D8%A7%D9%86_%D9%81%D9%84%D8%A7%D8%AD_%D8%AF%DB%8C%D9%88%D8%A7%D8%B1/wYBcPMP9
200,11,60متر شکوفه 2خواب بازسازی شده,"۱,۶۵۰,۰۰۰,۰۰۰ تومان",آژانس املاک در پیروزی,https://divar.ir/v/60%D9%85%D8%AA%D8%B1-%D8%B4%DA%A9%D9%88%D9%81%D9%87-2%D8%AE%D9%88%D8%A7%D8%A8-%D8%A8%D8%A7%D8%B2%D8%B3%D8%A7%D8%B2%DB%8C-%D8%B4%D8%AF%D9%87_%D8%A2%D9%BE%D8%A7%D8%B1%D8%AA%D9%85%D8%A7%D9%86_%D8%AA%D9%87%D8%B1%D8%A7%D9%86_%D9%BE%DB%8C%D8%B1%D9%88%D8%B2%DB%8C_%D8%AF%DB%8C%D9%88%D8%A7%D8%B1/wYLwQ4lr
201,12,۵۶متر در حد ۷۵متر دوخواب بزرگ,"۱,۶۳۰,۰۰۰,۰۰۰ تومان",آژانس املاک در گمرک,https://divar.ir/v/%DB%B5%DB%B6%D9%85%D8%AA%D8%B1-%D8%AF%D8%B1-%D8%AD%D8%AF-%DB%B7%DB%B5%D9%85%D8%AA%D8%B1-%D8%AF%D9%88%D8%AE%D9%88%D8%A7%D8%A8-%D8%A8%D8%B2%D8%B1%DA%AF_%D8%A2%D9%BE%D8%A7%D8%B1%D8%AA%D9%85%D8%A7%D9%86_%D8%AA%D9%87%D8%B1%D8%A7%D9%86_%DA%AF%D9%85%D8%B1%DA%A9_%D8%AF%DB%8C%D9%88%D8%A7%D8%B1/wYLIh8OS
202,13,۶۳متر کمیل تک واحدی,"۱,۶۵۰,۰۰۰,۰۰۰ تومان",۳ هفته پیش در جیحون,https://divar.ir/v/%DB%B6%DB%B3%D9%85%D8%AA%D8%B1-%DA%A9%D9%85%DB%8C%D9%84-%D8%AA%DA%A9-%D9%88%D8%A7%D8%AD%D8%AF%DB%8C_%D8%A2%D9%BE%D8%A7%D8%B1%D8%AA%D9%85%D8%A7%D9%86_%D8%AA%D9%87%D8%B1%D8%A7%D9%86_%D8%AC%DB%8C%D8%AD%D9%88%D9%86_%D8%AF%DB%8C%D9%88%D8%A7%D8%B1/wYLEyRsl
227,0,55متر دوخواب کمیل,"۱,۶۵۰,۰۰۰,۰۰۰ تومان",آژانس املاک در نواب,https://divar.ir/v/55%D9%85%D8%AA%D8%B1-%D8%AF%D9%88%D8%AE%D9%88%D8%A7%D8%A8-%DA%A9%D9%85%DB%8C%D9%84_%D8%A2%D9%BE%D8%A7%D8%B1%D8%AA%D9%85%D8%A7%D9%86_%D8%AA%D9%87%D8%B1%D8%A7%D9%86_%D9%86%D9%88%D8%A7%D8%A8_%D8%AF%DB%8C%D9%88%D8%A7%D8%B1/wYTUA-RQ
228,1,۶۳متر ۲ خواب//فول امکاناتات,"۱,۵۵۰,۰۰۰,۰۰۰ تومان",آژانس املاک در آذری,https://divar.ir/v/%DB%B6%DB%B3%D9%85%D8%AA%D8%B1-%DB%B2-%D8%AE%D9%88%D8%A7%D8%A8-%D9%81%D9%88%D9%84-%D8%A7%D9%85%DA%A9%D8%A7%D9%86%D8%A7%D8%AA%D8%A7%D8%AA_%D8%A2%D9%BE%D8%A7%D8%B1%D8%AA%D9%85%D8%A7%D9%86_%D8%AA%D9%87%D8%B1%D8%A7%D9%86_%D8%A2%D8%B0%D8%B1%DB%8C_%D8%AF%DB%8C%D9%88%D8%A7%D8%B1/wYQIFy5w
229,2,۶۱متر دوخواب، طبقه همکف/ خوش,"۱,۶۰۰,۰۰۰,۰۰۰ تومان",آژانس املاک در سلسبیل,https://divar.ir/v/%DB%B6%DB%B1%D9%85%D8%AA%D8%B1-%D8%AF%D9%88%D8%AE%D9%88%D8%A7%D8%A8-%D8%B7%D8%A8%D9%82%D9%87-%D9%87%D9%85%DA%A9%D9%81-%D8%AE%D9%88%D8%B4_%D8%A2%D9%BE%D8%A7%D8%B1%D8%AA%D9%85%D8%A7%D9%86_%D8%AA%D9%87%D8%B1%D8%A7%D9%86_%D8%B3%D9%84%D8%B3%D8%A8%DB%8C%D9%84_%D8%AF%DB%8C%D9%88%D8%A7%D8%B1/wYWYvy9t
230,3,۶۱متر دوخواب در جی,"۱,۶۱۰,۰۰۰,۰۰۰ تومان",آژانس املاک در جی,https://divar.ir/v/%DB%B6%DB%B1%D9%85%D8%AA%D8%B1-%D8%AF%D9%88%D8%AE%D9%88%D8%A7%D8%A8-%D8%AF%D8%B1-%D8%AC%DB%8C_%D8%A2%D9%BE%D8%A7%D8%B1%D8%AA%D9%85%D8%A7%D9%86_%D8%AA%D9%87%D8%B1%D8%A7%D9%86_%D8%AC%DB%8C_%D8%AF%DB%8C%D9%88%D8%A7%D8%B1/wYKIPdlW
231,4,آپارتمان ۵۵ متری ۲ خوابه,"۱,۶۵۰,۰۰۰,۰۰۰ تومان",آژانس املاک در اسکندری,https://divar.ir/v/%D8%A2%D9%BE%D8%A7%D8%B1%D8%AA%D9%85%D8%A7%D9%86-%DB%B5%DB%B5-%D9%85%D8%AA%D8%B1%DB%8C-%DB%B2-%D8%AE%D9%88%D8%A7%D8%A8%D9%87_%D8%A2%D9%BE%D8%A7%D8%B1%D8%AA%D9%85%D8%A7%D9%86_%D8%AA%D9%87%D8%B1%D8%A7%D9%86_%D8%A7%D8%B3%DA%A9%D9%86%D8%AF%D8%B1%DB%8C_%D8%AF%DB%8C%D9%88%D8%A7%D8%B1/wYXMAm1w
232,5,۵۵متر . دو خواب . طبقه اول . پارکینگ دار . تخلیه,"۱,۵۹۵,۰۰۰,۰۰۰ تومان",آژانس املاک در جیحون,https://divar.ir/v/%DB%B5%DB%B5%D9%85%D8%AA%D8%B1-%D8%AF%D9%88-%D8%AE%D9%88%D8%A7%D8%A8-%D8%B7%D8%A8%D9%82%D9%87-%D8%A7%D9%88%D9%84-%D9%BE%D8%A7%D8%B1%DA%A9%DB%8C%D9%86%DA%AF-%D8%AF%D8%A7%D8%B1-%D8%AA%D8%AE%D9%84%DB%8C%D9%87_%D8%A2%D9%BE%D8%A7%D8%B1%D8%AA%D9%85%D8%A7%D9%86_%D8%AA%D9%87%D8%B1%D8%A7%D9%86_%D8%AC%DB%8C%D8%AD%D9%88%D9%86_%D8%AF%DB%8C%D9%88%D8%A7%D8%B1/wYX0gXRg
233,6,آپارتمان 63 متر دوخوابه,"۱,۵۰۰,۰۰۰,۰۰۰ تومان",مشاور املاک در جیحون,https://divar.ir/v/%D8%A2%D9%BE%D8%A7%D8%B1%D8%AA%D9%85%D8%A7%D9%86-63-%D9%85%D8%AA%D8%B1-%D8%AF%D9%88%D8%AE%D9%88%D8%A7%D8%A8%D9%87_%D8%A2%D9%BE%D8%A7%D8%B1%D8%AA%D9%85%D8%A7%D9%86_%D8%AA%D9%87%D8%B1%D8%A7%D9%86_%D8%AC%DB%8C%D8%AD%D9%88%D9%86_%D8%AF%DB%8C%D9%88%D8%A7%D8%B1/wYJ0stee
234,7,آپارتمان 60 متری دو خواب / کوچه کمالی شاهباز نواب,"۱,۵۵۰,۰۰۰,۰۰۰ تومان",آژانس املاک در نواب,https://divar.ir/v/%D8%A2%D9%BE%D8%A7%D8%B1%D8%AA%D9%85%D8%A7%D9%86-60-%D9%85%D8%AA%D8%B1%DB%8C-%D8%AF%D9%88-%D8%AE%D9%88%D8%A7%D8%A8-%DA%A9%D9%88%DA%86%D9%87-%DA%A9%D9%85%D8%A7%D9%84%DB%8C-%D8%B4%D8%A7%D9%87%D8%A8%D8%A7%D8%B2-%D9%86%D9%88%D8%A7%D8%A8_%D8%A2%D9%BE%D8%A7%D8%B1%D8%AA%D9%85%D8%A7%D9%86_%D8%AA%D9%87%D8%B1%D8%A7%D9%86_%D9%86%D9%88%D8%A7%D8%A8_%D8%AF%DB%8C%D9%88%D8%A7%D8%B1/wYXMBK3F
235,8,۵۹متر دوخواب/سالن بزرگ/خوش نقشه کمیل,"۱,۶۰۰,۰۰۰,۰۰۰ تومان",آژانس املاک در جیحون,https://divar.ir/v/%DB%B5%DB%B9%D9%85%D8%AA%D8%B1-%D8%AF%D9%88%D8%AE%D9%88%D8%A7%D8%A8-%D8%B3%D8%A7%D9%84%D9%86-%D8%A8%D8%B2%D8%B1%DA%AF-%D8%AE%D9%88%D8%B4-%D9%86%D9%82%D8%B4%D9%87-%DA%A9%D9%85%DB%8C%D9%84_%D8%A2%D9%BE%D8%A7%D8%B1%D8%AA%D9%85%D8%A7%D9%86_%D8%AA%D9%87%D8%B1%D8%A7%D9%86_%D8%AC%DB%8C%D8%AD%D9%88%D9%86_%D8%AF%DB%8C%D9%88%D8%A7%D8%B1/wYNM8WXL
236,9,۶۲ متر دو خواب (۲۰ متر حیاط اختصاصی),"۱,۶۰۰,۰۰۰,۰۰۰ تومان",آژانس املاک در سلسبیل,https://divar.ir/v/%DB%B6%DB%B2-%D9%85%D8%AA%D8%B1-%D8%AF%D9%88-%D8%AE%D9%88%D8%A7%D8%A8-%DB%B2%DB%B0-%D9%85%D8%AA%D8%B1-%D8%AD%DB%8C%D8%A7%D8%B7-%D8%A7%D8%AE%D8%AA%D8%B5%D8%A7%D8%B5%DB%8C-_%D8%A2%D9%BE%D8%A7%D8%B1%D8%AA%D9%85%D8%A7%D9%86_%D8%AA%D9%87%D8%B1%D8%A7%D9%86_%D8%B3%D9%84%D8%B3%D8%A8%DB%8C%D9%84_%D8%AF%DB%8C%D9%88%D8%A7%D8%B1/wYVAPZ-Y
237,10,۶۲ متر دو خواب حسام الدین یزدان پناه,"۱,۵۵۰,۰۰۰,۰۰۰ تومان",۲ هفته پیش در هفت چنار,https://divar.ir/v/%DB%B6%DB%B2-%D9%85%D8%AA%D8%B1-%D8%AF%D9%88-%D8%AE%D9%88%D8%A7%D8%A8-%D8%AD%D8%B3%D8%A7%D9%85-%D8%A7%D9%84%D8%AF%DB%8C%D9%86-%DB%8C%D8%B2%D8%AF%D8%A7%D9%86-%D9%BE%D9%86%D8%A7%D9%87_%D8%A2%D9%BE%D8%A7%D8%B1%D8%AA%D9%85%D8%A7%D9%86_%D8%AA%D9%87%D8%B1%D8%A7%D9%86_%D9%87%D9%81%D8%AA-%DA%86%D9%86%D8%A7%D8%B1_%D8%AF%DB%8C%D9%88%D8%A7%D8%B1/gYNLxLXN
238,11,آپارتمان ۶۳ متر تکخواب,"۱,۶۵۰,۰۰۰,۰۰۰ تومان",۲ هفته پیش در شوش,https://divar.ir/v/%D8%A2%D9%BE%D8%A7%D8%B1%D8%AA%D9%85%D8%A7%D9%86-%DB%B6%DB%B3-%D9%85%D8%AA%D8%B1-%D8%AA%DA%A9%D8%AE%D9%88%D8%A7%D8%A8_%D8%A2%D9%BE%D8%A7%D8%B1%D8%AA%D9%85%D8%A7%D9%86_%D8%AA%D9%87%D8%B1%D8%A7%D9%86_%D8%B4%D9%88%D8%B4_%D8%AF%DB%8C%D9%88%D8%A7%D8%B1/wYXwmmS7
240,13,۶۱ متر / ۲خواب / ۱۵ متر حیاط اختصاصی,"۱,۶۵۰,۰۰۰,۰۰۰ تومان",آژانس املاک در سلسبیل,https://divar.ir/v/%DB%B6%DB%B1-%D9%85%D8%AA%D8%B1-%DB%B2%D8%AE%D9%88%D8%A7%D8%A8-%DB%B1%DB%B5-%D9%85%D8%AA%D8%B1-%D8%AD%DB%8C%D8%A7%D8%B7-%D8%A7%D8%AE%D8%AA%D8%B5%D8%A7%D8%B5%DB%8C_%D8%A2%D9%BE%D8%A7%D8%B1%D8%AA%D9%85%D8%A7%D9%86_%D8%AA%D9%87%D8%B1%D8%A7%D9%86_%D8%B3%D9%84%D8%B3%D8%A8%DB%8C%D9%84_%D8%AF%DB%8C%D9%88%D8%A7%D8%B1/wYWgdJnh
241,14,60متر/قصرالدشت/آسانسور دار,"۱,۵۲۰,۰۰۰,۰۰۰ تومان",آژانس املاک در سلسبیل,https://divar.ir/v/60%D9%85%D8%AA%D8%B1-%D9%82%D8%B5%D8%B1%D8%A7%D9%84%D8%AF%D8%B4%D8%AA-%D8%A2%D8%B3%D8%A7%D9%86%D8%B3%D9%88%D8%B1-%D8%AF%D8%A7%D8%B1_%D8%A2%D9%BE%D8%A7%D8%B1%D8%AA%D9%85%D8%A7%D9%86_%D8%AA%D9%87%D8%B1%D8%A7%D9%86_%D8%B3%D9%84%D8%B3%D8%A8%DB%8C%D9%84_%D8%AF%DB%8C%D9%88%D8%A7%D8%B1/wYY8Xy7C
242,15,۶۲ متر دو خواب،تک واحدی,"۱,۵۰۷,۰۰۰,۰۰۰ تومان",مشاور املاک در مهرآباد جنوبی,https://divar.ir/v/%DB%B6%DB%B2-%D9%85%D8%AA%D8%B1-%D8%AF%D9%88-%D8%AE%D9%88%D8%A7%D8%A8-%D8%AA%DA%A9-%D9%88%D8%A7%D8%AD%D8%AF%DB%8C_%D8%A2%D9%BE%D8%A7%D8%B1%D8%AA%D9%85%D8%A7%D9%86_%D8%AA%D9%87%D8%B1%D8%A7%D9%86_%D9%85%D9%87%D8%B1%D8%A2%D8%A8%D8%A7%D8%AF-%D8%AC%D9%86%D9%88%D8%A8%DB%8C_%D8%AF%DB%8C%D9%88%D8%A7%D8%B1/wYY8Yeb9
243,0,آپارتمان ٦٠ مترى دوخواب خوش نقشه,"۱,۵۶۰,۰۰۰,۰۰۰ تومان",۵ روز پیش در اندیشه (شهر زیبا),https://divar.ir/v/%D8%A2%D9%BE%D8%A7%D8%B1%D8%AA%D9%85%D8%A7%D9%86-%D9%A6%D9%A0-%D9%85%D8%AA%D8%B1%D9%89-%D8%AF%D9%88%D8%AE%D9%88%D8%A7%D8%A8-%D8%AE%D9%88%D8%B4-%D9%86%D9%82%D8%B4%D9%87_%D8%A2%D9%BE%D8%A7%D8%B1%D8%AA%D9%85%D8%A7%D9%86_%D8%AA%D9%87%D8%B1%D8%A7%D9%86_%D8%A7%D9%86%D8%AF%DB%8C%D8%B4%D9%87-%D8%B4%D9%87%D8%B1-%D8%B2%DB%8C%D8%A8%D8%A7-_%D8%AF%DB%8C%D9%88%D8%A7%D8%B1/wYi0uD54
244,1,۶۱ متری ۲ خوابه (کمیل),"۱,۶۰۰,۰۰۰,۰۰۰ تومان",آژانس املاک در جیحون,https://divar.ir/v/%DB%B6%DB%B1-%D9%85%D8%AA%D8%B1%DB%8C-%DB%B2-%D8%AE%D9%88%D8%A7%D8%A8%D9%87-%DA%A9%D9%85%DB%8C%D9%84-_%D8%A2%D9%BE%D8%A7%D8%B1%D8%AA%D9%85%D8%A7%D9%86_%D8%AA%D9%87%D8%B1%D8%A7%D9%86_%D8%AC%DB%8C%D8%AD%D9%88%D9%86_%D8%AF%DB%8C%D9%88%D8%A7%D8%B1/wYcgW5FZ
246,3,۶۰متر ۲خواب تکواحدی . خوش نقشه,"۱,۶۰۰,۰۰۰,۰۰۰ تومان",آژانس املاک در جی,https://divar.ir/v/%DB%B6%DB%B0%D9%85%D8%AA%D8%B1-%DB%B2%D8%AE%D9%88%D8%A7%D8%A8-%D8%AA%DA%A9%D9%88%D8%A7%D8%AD%D8%AF%DB%8C-%D8%AE%D9%88%D8%B4-%D9%86%D9%82%D8%B4%D9%87_%D8%A2%D9%BE%D8%A7%D8%B1%D8%AA%D9%85%D8%A7%D9%86_%D8%AA%D9%87%D8%B1%D8%A7%D9%86_%D8%AC%DB%8C_%D8%AF%DB%8C%D9%88%D8%A7%D8%B1/wYIkm7f1
247,4,۵۸ متر دوخواب تک واحدی در سلسبیل,"۱,۶۵۰,۰۰۰,۰۰۰ تومان",آژانس املاک در سلسبیل,https://divar.ir/v/%DB%B5%DB%B8-%D9%85%D8%AA%D8%B1-%D8%AF%D9%88%D8%AE%D9%88%D8%A7%D8%A8-%D8%AA%DA%A9-%D9%88%D8%A7%D8%AD%D8%AF%DB%8C-%D8%AF%D8%B1-%D8%B3%D9%84%D8%B3%D8%A8%DB%8C%D9%84_%D8%A2%D9%BE%D8%A7%D8%B1%D8%AA%D9%85%D8%A7%D9%86_%D8%AA%D9%87%D8%B1%D8%A7%D9%86_%D8%B3%D9%84%D8%B3%D8%A8%DB%8C%D9%84_%D8%AF%DB%8C%D9%88%D8%A7%D8%B1/wYjIBMOZ
248,5,۶۰ متری (دوخوابه)خوش نقشه فول بازسازی,"۱,۶۰۰,۰۰۰,۰۰۰ تومان",آژانس املاک در جیحون,https://divar.ir/v/%DB%B6%DB%B0-%D9%85%D8%AA%D8%B1%DB%8C-%D8%AF%D9%88%D8%AE%D9%88%D8%A7%D8%A8%D9%87-%D8%AE%D9%88%D8%B4-%D9%86%D9%82%D8%B4%D9%87-%D9%81%D9%88%D9%84-%D8%A8%D8%A7%D8%B2%D8%B3%D8%A7%D8%B2%DB%8C_%D8%A2%D9%BE%D8%A7%D8%B1%D8%AA%D9%85%D8%A7%D9%86_%D8%AA%D9%87%D8%B1%D8%A7%D9%86_%D8%AC%DB%8C%D8%AD%D9%88%D9%86_%D8%AF%DB%8C%D9%88%D8%A7%D8%B1/wYVU_WnD
249,6,61 متر / 2 خواب / تک واحدی,"۱,۵۵۰,۰۰۰,۰۰۰ تومان",آژانس املاک در جی,https://divar.ir/v/61-%D9%85%D8%AA%D8%B1-2-%D8%AE%D9%88%D8%A7%D8%A8-%D8%AA%DA%A9-%D9%88%D8%A7%D8%AD%D8%AF%DB%8C_%D8%A2%D9%BE%D8%A7%D8%B1%D8%AA%D9%85%D8%A7%D9%86_%D8%AA%D9%87%D8%B1%D8%A7%D9%86_%D8%AC%DB%8C_%D8%AF%DB%8C%D9%88%D8%A7%D8%B1/wYjci6fS
250,7,٦٠ متر/٢خواب/گذر ١٠ متری,"۱,۵۸۰,۰۰۰,۰۰۰ تومان",آژانس املاک در جی,https://divar.ir/v/%D9%A6%D9%A0-%D9%85%D8%AA%D8%B1-%D9%A2%D8%AE%D9%88%D8%A7%D8%A8-%DA%AF%D8%B0%D8%B1-%D9%A1%D9%A0-%D9%85%D8%AA%D8%B1%DB%8C_%D8%A2%D9%BE%D8%A7%D8%B1%D8%AA%D9%85%D8%A7%D9%86_%D8%AA%D9%87%D8%B1%D8%A7%D9%86_%D8%AC%DB%8C_%D8%AF%DB%8C%D9%88%D8%A7%D8%B1/wYjoDkcj
251,8,آپارتمان نوساز ۶۳ متری,"۱,۶۰۰,۰۰۰,۰۰۰ تومان",۴ روز پیش در شاندیز,https://divar.ir/v/%D8%A2%D9%BE%D8%A7%D8%B1%D8%AA%D9%85%D8%A7%D9%86-%D9%86%D9%88%D8%B3%D8%A7%D8%B2-%DB%B6%DB%B3-%D9%85%D8%AA%D8%B1%DB%8C_%D8%A2%D9%BE%D8%A7%D8%B1%D8%AA%D9%85%D8%A7%D9%86_%D8%AA%D9%87%D8%B1%D8%A7%D9%86_%D8%B4%D8%A7%D9%86%D8%AF%DB%8C%D8%B2_%D8%AF%DB%8C%D9%88%D8%A7%D8%B1/wYJ4MROx
252,9,آپارتمان ۵۸ متر ۲ خوابه,"۱,۵۳۷,۰۰۰,۰۰۰ تومان",۴ روز پیش در شهرک کیانشهر,https://divar.ir/v/%D8%A2%D9%BE%D8%A7%D8%B1%D8%AA%D9%85%D8%A7%D9%86-%DB%B5%DB%B8-%D9%85%D8%AA%D8%B1-%DB%B2-%D8%AE%D9%88%D8%A7%D8%A8%D9%87_%D8%A2%D9%BE%D8%A7%D8%B1%D8%AA%D9%85%D8%A7%D9%86_%D8%AA%D9%87%D8%B1%D8%A7%D9%86_%D8%B4%D9%87%D8%B1%DA%A9-%DA%A9%DB%8C%D8%A7%D9%86%D8%B4%D9%87%D8%B1_%D8%AF%DB%8C%D9%88%D8%A7%D8%B1/wYkoFtNp
253,10,61متر /دوخواب /فول بازسازی شده / سبحانی تقاطع کمیل,"۱,۶۰۰,۰۰۰,۰۰۰ تومان",آژانس املاک در جیحون,https://divar.ir/v/61%D9%85%D8%AA%D8%B1-%D8%AF%D9%88%D8%AE%D9%88%D8%A7%D8%A8-%D9%81%D9%88%D9%84-%D8%A8%D8%A7%D8%B2%D8%B3%D8%A7%D8%B2%DB%8C-%D8%B4%D8%AF%D9%87-%D8%B3%D8%A8%D8%AD%D8%A7%D9%86%DB%8C-%D8%AA%D9%82%D8%A7%D8%B7%D8%B9-%DA%A9%D9%85%DB%8C%D9%84_%D8%A2%D9%BE%D8%A7%D8%B1%D8%AA%D9%85%D8%A7%D9%86_%D8%AA%D9%87%D8%B1%D8%A7%D9%86_%D8%AC%DB%8C%D8%AD%D9%88%D9%86_%D8%AF%DB%8C%D9%88%D8%A7%D8%B1/wYjoAqgn
256,13,آپارتمان ۶۰متری,"۱,۵۶۰,۰۰۰,۰۰۰ تومان",۳ روز پیش در اندیشه (شهر زیبا),https://divar.ir/v/%D8%A2%D9%BE%D8%A7%D8%B1%D8%AA%D9%85%D8%A7%D9%86-%DB%B6%DB%B0%D9%85%D8%AA%D8%B1%DB%8C_%D8%A2%D9%BE%D8%A7%D8%B1%D8%AA%D9%85%D8%A7%D9%86_%D8%AA%D9%87%D8%B1%D8%A7%D9%86_%D8%A7%D9%86%D8%AF%DB%8C%D8%B4%D9%87-%D8%B4%D9%87%D8%B1-%D8%B2%DB%8C%D8%A8%D8%A7-_%D8%AF%DB%8C%D9%88%D8%A7%D8%B1/wYkIsN8z
257,14,آپارتمان 63 متر.دوخوابه . خوش نقشه,"۱,۶۴۳,۴۶۰,۰۰۰ تومان",۳ روز پیش در شهرک کیانشهر,https://divar.ir/v/%D8%A2%D9%BE%D8%A7%D8%B1%D8%AA%D9%85%D8%A7%D9%86-63-%D9%85%D8%AA%D8%B1-%D8%AF%D9%88%D8%AE%D9%88%D8%A7%D8%A8%D9%87-%D8%AE%D9%88%D8%B4-%D9%86%D9%82%D8%B4%D9%87_%D8%A2%D9%BE%D8%A7%D8%B1%D8%AA%D9%85%D8%A7%D9%86_%D8%AA%D9%87%D8%B1%D8%A7%D9%86_%D8%B4%D9%87%D8%B1%DA%A9-%DA%A9%DB%8C%D8%A7%D9%86%D8%B4%D9%87%D8%B1_%D8%AF%DB%8C%D9%88%D8%A7%D8%B1/wYPcy4t-
263,4,آپارتمان 60 متری دو خواب,"۱,۵۱۰,۰۰۰,۰۰۰ تومان",مشاور املاک در جوادیه تهرانپارس,https://divar.ir/v/%D8%A2%D9%BE%D8%A7%D8%B1%D8%AA%D9%85%D8%A7%D9%86-60-%D9%85%D8%AA%D8%B1%DB%8C-%D8%AF%D9%88-%D8%AE%D9%88%D8%A7%D8%A8_%D8%A2%D9%BE%D8%A7%D8%B1%D8%AA%D9%85%D8%A7%D9%86_%D8%AA%D9%87%D8%B1%D8%A7%D9%86_%D8%AC%D9%88%D8%A7%D8%AF%DB%8C%D9%87-%D8%AA%D9%87%D8%B1%D8%A7%D9%86%D9%BE%D8%A7%D8%B1%D8%B3_%D8%AF%DB%8C%D9%88%D8%A7%D8%B1/wYDYTQGZ
264,5,62متری/پارکینگ دار/مهرآباد,"۱,۵۸۰,۰۰۰,۰۰۰ تومان",آژانس املاک در مهرآباد جنوبی,https://divar.ir/v/62%D9%85%D8%AA%D8%B1%DB%8C-%D9%BE%D8%A7%D8%B1%DA%A9%DB%8C%D9%86%DA%AF-%D8%AF%D8%A7%D8%B1-%D9%85%D9%87%D8%B1%D8%A2%D8%A8%D8%A7%D8%AF_%D8%A2%D9%BE%D8%A7%D8%B1%D8%AA%D9%85%D8%A7%D9%86_%D8%AA%D9%87%D8%B1%D8%A7%D9%86_%D9%85%D9%87%D8%B1%D8%A2%D8%A8%D8%A7%D8%AF-%D8%AC%D9%86%D9%88%D8%A8%DB%8C_%D8%AF%DB%8C%D9%88%D8%A7%D8%B1/wYLg0s43
265,6,60.04متر / خوش نقشه / هاشمی کارون,"۱,۵۵۵,۰۰۰,۰۰۰ تومان",آژانس املاک در آذربایجان,https://divar.ir/v/60-04%D9%85%D8%AA%D8%B1-%D8%AE%D9%88%D8%B4-%D9%86%D9%82%D8%B4%D9%87-%D9%87%D8%A7%D8%B4%D9%85%DB%8C-%DA%A9%D8%A7%D8%B1%D9%88%D9%86_%D8%A2%D9%BE%D8%A7%D8%B1%D8%AA%D9%85%D8%A7%D9%86_%D8%AA%D9%87%D8%B1%D8%A7%D9%86_%D8%A2%D8%B0%D8%B1%D8%A8%D8%A7%DB%8C%D8%AC%D8%A7%D9%86_%D8%AF%DB%8C%D9%88%D8%A7%D8%B1/wYMgEaIa
266,7,آپارتمان ۶۱ متری دوخواب,"۱,۶۰۰,۰۰۰,۰۰۰ تومان",۳ هفته پیش در مشیریه,https://divar.ir/v/%D8%A2%D9%BE%D8%A7%D8%B1%D8%AA%D9%85%D8%A7%D9%86-%DB%B6%DB%B1-%D9%85%D8%AA%D8%B1%DB%8C-%D8%AF%D9%88%D8%AE%D9%88%D8%A7%D8%A8_%D8%A2%D9%BE%D8%A7%D8%B1%D8%AA%D9%85%D8%A7%D9%86_%D8%AA%D9%87%D8%B1%D8%A7%D9%86_%D9%85%D8%B4%DB%8C%D8%B1%DB%8C%D9%87_%D8%AF%DB%8C%D9%88%D8%A7%D8%B1/wYMAlw6t
267,8,آذربایجان خوش طوس57متر2خواب پارکینگ,"۱,۵۵۵,۰۰۰,۰۰۰ تومان",۳ هفته پیش در آذربایجان,https://divar.ir/v/%D8%A2%D8%B0%D8%B1%D8%A8%D8%A7%DB%8C%D8%AC%D8%A7%D9%86-%D8%AE%D9%88%D8%B4-%D8%B7%D9%88%D8%B357%D9%85%D8%AA%D8%B12%D8%AE%D9%88%D8%A7%D8%A8-%D9%BE%D8%A7%D8%B1%DA%A9%DB%8C%D9%86%DA%AF_%D8%A2%D9%BE%D8%A7%D8%B1%D8%AA%D9%85%D8%A7%D9%86_%D8%AA%D9%87%D8%B1%D8%A7%D9%86_%D8%A2%D8%B0%D8%B1%D8%A8%D8%A7%DB%8C%D8%AC%D8%A7%D9%86_%D8%AF%DB%8C%D9%88%D8%A7%D8%B1/wYMAnH3E
268,9,۶۰ متر/ ۲خواب/ پارکینگ دار/ دامپزشکی,"۱,۶۴۹,۰۰۰,۰۰۰ تومان",آژانس املاک در جیحون,https://divar.ir/v/%DB%B6%DB%B0-%D9%85%D8%AA%D8%B1-%DB%B2%D8%AE%D9%88%D8%A7%D8%A8-%D9%BE%D8%A7%D8%B1%DA%A9%DB%8C%D9%86%DA%AF-%D8%AF%D8%A7%D8%B1-%D8%AF%D8%A7%D9%85%D9%BE%D8%B2%D8%B4%DA%A9%DB%8C_%D8%A2%D9%BE%D8%A7%D8%B1%D8%AA%D9%85%D8%A7%D9%86_%D8%AA%D9%87%D8%B1%D8%A7%D9%86_%D8%AC%DB%8C%D8%AD%D9%88%D9%86_%D8%AF%DB%8C%D9%88%D8%A7%D8%B1/wYIAaX7l
269,10,۶۰متر/دوخوابه/پارکینگدار,"۱,۵۵۰,۰۰۰,۰۰۰ تومان",آژانس املاک در سلسبیل,https://divar.ir/v/%DB%B6%DB%B0%D9%85%D8%AA%D8%B1-%D8%AF%D9%88%D8%AE%D9%88%D8%A7%D8%A8%D9%87-%D9%BE%D8%A7%D8%B1%DA%A9%DB%8C%D9%86%DA%AF%D8%AF%D8%A7%D8%B1_%D8%A2%D9%BE%D8%A7%D8%B1%D8%AA%D9%85%D8%A7%D9%86_%D8%AA%D9%87%D8%B1%D8%A7%D9%86_%D8%B3%D9%84%D8%B3%D8%A8%DB%8C%D9%84_%D8%AF%DB%8C%D9%88%D8%A7%D8%B1/wYMEb6jG
270,11,آپارتمان ۶۰ متر دوخواب با پارکینگ و بالکن,"۱,۵۰۰,۰۰۰,۰۰۰ تومان",آژانس املاک در آهنگ,https://divar.ir/v/%D8%A2%D9%BE%D8%A7%D8%B1%D8%AA%D9%85%D8%A7%D9%86-%DB%B6%DB%B0-%D9%85%D8%AA%D8%B1-%D8%AF%D9%88%D8%AE%D9%88%D8%A7%D8%A8-%D8%A8%D8%A7-%D9%BE%D8%A7%D8%B1%DA%A9%DB%8C%D9%86%DA%AF-%D9%88-%D8%A8%D8%A7%D9%84%DA%A9%D9%86_%D8%A2%D9%BE%D8%A7%D8%B1%D8%AA%D9%85%D8%A7%D9%86_%D8%AA%D9%87%D8%B1%D8%A7%D9%86_%D8%A2%D9%87%D9%86%DA%AF_%D8%AF%DB%8C%D9%88%D8%A7%D8%B1/wYMwL2zz
271,12,61متر/دوخواب/تک واحدی,"۱,۵۳۰,۰۰۰,۰۰۰ تومان",آژانس املاک در سلسبیل,https://divar.ir/v/61%D9%85%D8%AA%D8%B1-%D8%AF%D9%88%D8%AE%D9%88%D8%A7%D8%A8-%D8%AA%DA%A9-%D9%88%D8%A7%D8%AD%D8%AF%DB%8C_%D8%A2%D9%BE%D8%A7%D8%B1%D8%AA%D9%85%D8%A7%D9%86_%D8%AA%D9%87%D8%B1%D8%A7%D9%86_%D8%B3%D9%84%D8%B3%D8%A8%DB%8C%D9%84_%D8%AF%DB%8C%D9%88%D8%A7%D8%B1/wYEg4CtI
272,13,۶۰ متری/۲خواب/فول امکانات/تک واحدی/برخیابان,"۱,۵۰۰,۰۰۰,۰۰۰ تومان",آژانس املاک در جی,https://divar.ir/v/%DB%B6%DB%B0-%D9%85%D8%AA%D8%B1%DB%8C-%DB%B2%D8%AE%D9%88%D8%A7%D8%A8-%D9%81%D9%88%D9%84-%D8%A7%D9%85%DA%A9%D8%A7%D9%86%D8%A7%D8%AA-%D8%AA%DA%A9-%D9%88%D8%A7%D8%AD%D8%AF%DB%8C-%D8%A8%D8%B1%D8%AE%DB%8C%D8%A7%D8%A8%D8%A7%D9%86_%D8%A2%D9%BE%D8%A7%D8%B1%D8%AA%D9%85%D8%A7%D9%86_%D8%AA%D9%87%D8%B1%D8%A7%D9%86_%D8%AC%DB%8C_%D8%AF%DB%8C%D9%88%D8%A7%D8%B1/wYBk_F4q
277,0,۵۶ متر دو خواب طبقه همکف/خیابان رودکی (تک واحدی),"۱,۶۲۰,۰۰۰,۰۰۰ تومان",آژانس املاک در سلسبیل,https://divar.ir/v/%DB%B5%DB%B6-%D9%85%D8%AA%D8%B1-%D8%AF%D9%88-%D8%AE%D9%88%D8%A7%D8%A8-%D8%B7%D8%A8%D9%82%D9%87-%D9%87%D9%85%DA%A9%D9%81-%D8%AE%DB%8C%D8%A7%D8%A8%D8%A7%D9%86-%D8%B1%D9%88%D8%AF%DA%A9%DB%8C-%D8%AA%DA%A9-%D9%88%D8%A7%D8%AD%D8%AF%DB%8C-_%D8%A2%D9%BE%D8%A7%D8%B1%D8%AA%D9%85%D8%A7%D9%86_%D8%AA%D9%87%D8%B1%D8%A7%D9%86_%D8%B3%D9%84%D8%B3%D8%A8%DB%8C%D9%84_%D8%AF%DB%8C%D9%88%D8%A7%D8%B1/wYgklgfv
278,1,55متری / پاسدارگمنام / خوش نقش,"۱,۵۹۰,۰۰۰,۰۰۰ تومان",مشاور املاک در آهنگ,https://divar.ir/v/55%D9%85%D8%AA%D8%B1%DB%8C-%D9%BE%D8%A7%D8%B3%D8%AF%D8%A7%D8%B1%DA%AF%D9%85%D9%86%D8%A7%D9%85-%D8%AE%D9%88%D8%B4-%D9%86%D9%82%D8%B4_%D8%A2%D9%BE%D8%A7%D8%B1%D8%AA%D9%85%D8%A7%D9%86_%D8%AA%D9%87%D8%B1%D8%A7%D9%86_%D8%A2%D9%87%D9%86%DA%AF_%D8%AF%DB%8C%D9%88%D8%A7%D8%B1/wYh8X0uq
279,2,55متری/پاسدارگمنام/خوش نقشه,"۱,۵۸۰,۰۰۰,۰۰۰ تومان",مشاور املاک در شیوا,https://divar.ir/v/55%D9%85%D8%AA%D8%B1%DB%8C-%D9%BE%D8%A7%D8%B3%D8%AF%D8%A7%D8%B1%DA%AF%D9%85%D9%86%D8%A7%D9%85-%D8%AE%D9%88%D8%B4-%D9%86%D9%82%D8%B4%D9%87_%D8%A2%D9%BE%D8%A7%D8%B1%D8%AA%D9%85%D8%A7%D9%86_%D8%AA%D9%87%D8%B1%D8%A7%D9%86_%D8%B4%DB%8C%D9%88%D8%A7_%D8%AF%DB%8C%D9%88%D8%A7%D8%B1/wYd8n9xF
280,3,۶۰ متردوخواب فول امکانات.چهارراه لشکر خیابان کمالی,"۱,۶۵۰,۰۰۰,۰۰۰ تومان",۶ روز پیش در میدان حر,https://divar.ir/v/%DB%B6%DB%B0-%D9%85%D8%AA%D8%B1%D8%AF%D9%88%D8%AE%D9%88%D8%A7%D8%A8-%D9%81%D9%88%D9%84-%D8%A7%D9%85%DA%A9%D8%A7%D9%86%D8%A7%D8%AA-%DA%86%D9%87%D8%A7%D8%B1%D8%B1%D8%A7%D9%87-%D9%84%D8%B4%DA%A9%D8%B1-%D8%AE%DB%8C%D8%A7%D8%A8%D8%A7%D9%86-%DA%A9%D9%85%D8%A7%D9%84%DB%8C_%D8%A2%D9%BE%D8%A7%D8%B1%D8%AA%D9%85%D8%A7%D9%86_%D8%AA%D9%87%D8%B1%D8%A7%D9%86_%D9%85%DB%8C%D8%AF%D8%A7%D9%86-%D8%AD%D8%B1_%D8%AF%DB%8C%D9%88%D8%A7%D8%B1/gYrDmCb9
281,4,61متر.دوخواب .فلاح .خ ابوذر. فول امکانات,"۱,۵۶۰,۰۰۰,۰۰۰ تومان",آژانس املاک در فلاح,https://divar.ir/v/61%D9%85%D8%AA%D8%B1-%D8%AF%D9%88%D8%AE%D9%88%D8%A7%D8%A8-%D9%81%D9%84%D8%A7%D8%AD-%D8%AE-%D8%A7%D8%A8%D9%88%D8%B0%D8%B1-%D9%81%D9%88%D9%84-%D8%A7%D9%85%DA%A9%D8%A7%D9%86%D8%A7%D8%AA_%D8%A2%D9%BE%D8%A7%D8%B1%D8%AA%D9%85%D8%A7%D9%86_%D8%AA%D9%87%D8%B1%D8%A7%D9%86_%D9%81%D9%84%D8%A7%D8%AD_%D8%AF%DB%8C%D9%88%D8%A7%D8%B1/wYOMSEoq
282,5,۶۱متر/ دوخواب/ جی,"۱,۶۰۰,۰۰۰,۰۰۰ تومان",آژانس املاک در جی,https://divar.ir/v/%DB%B6%DB%B1%D9%85%D8%AA%D8%B1-%D8%AF%D9%88%D8%AE%D9%88%D8%A7%D8%A8-%D8%AC%DB%8C_%D8%A2%D9%BE%D8%A7%D8%B1%D8%AA%D9%85%D8%A7%D9%86_%D8%AA%D9%87%D8%B1%D8%A7%D9%86_%D8%AC%DB%8C_%D8%AF%DB%8C%D9%88%D8%A7%D8%B1/wYcoDlL5
283,6,۶۰ متر دوخواب با امکانات بر خیابان اصلی/سبلان,"۱,۵۲۰,۰۰۰,۰۰۰ تومان",مشاور املاک در ارامنه,https://divar.ir/v/%DB%B6%DB%B0-%D9%85%D8%AA%D8%B1-%D8%AF%D9%88%D8%AE%D9%88%D8%A7%D8%A8-%D8%A8%D8%A7-%D8%A7%D9%85%DA%A9%D8%A7%D9%86%D8%A7%D8%AA-%D8%A8%D8%B1-%D8%AE%DB%8C%D8%A7%D8%A8%D8%A7%D9%86-%D8%A7%D8%B5%D9%84%DB%8C-%D8%B3%D8%A8%D9%84%D8%A7%D9%86_%D8%A2%D9%BE%D8%A7%D8%B1%D8%AA%D9%85%D8%A7%D9%86_%D8%AA%D9%87%D8%B1%D8%A7%D9%86_%D8%A7%D8%B1%D8%A7%D9%85%D9%86%D9%87_%D8%AF%DB%8C%D9%88%D8%A7%D8%B1/wYdY3f1e
284,7,دوخوابه تکواحدی/ بازسازی شده/بدون مشابه/غرق نور,"۱,۵۹۸,۰۰۰,۰۰۰ تومان",آژانس املاک در جیحون,https://divar.ir/v/%D8%AF%D9%88%D8%AE%D9%88%D8%A7%D8%A8%D9%87-%D8%AA%DA%A9%D9%88%D8%A7%D8%AD%D8%AF%DB%8C-%D8%A8%D8%A7%D8%B2%D8%B3%D8%A7%D8%B2%DB%8C-%D8%B4%D8%AF%D9%87-%D8%A8%D8%AF%D9%88%D9%86-%D9%85%D8%B4%D8%A7%D8%A8%D9%87-%D8%BA%D8%B1%D9%82-%D9%86%D9%88%D8%B1_%D8%A2%D9%BE%D8%A7%D8%B1%D8%AA%D9%85%D8%A7%D9%86_%D8%AA%D9%87%D8%B1%D8%A7%D9%86_%D8%AC%DB%8C%D8%AD%D9%88%D9%86_%D8%AF%DB%8C%D9%88%D8%A7%D8%B1/wYc0G0FJ
285,8,۵۹متر دوخوابه کمیل کارون طبقه اول تخلیه,"۱,۶۰۰,۰۰۰,۰۰۰ تومان",آژانس املاک در سلسبیل,https://divar.ir/v/%DB%B5%DB%B9%D9%85%D8%AA%D8%B1-%D8%AF%D9%88%D8%AE%D9%88%D8%A7%D8%A8%D9%87-%DA%A9%D9%85%DB%8C%D9%84-%DA%A9%D8%A7%D8%B1%D9%88%D9%86-%D8%B7%D8%A8%D9%82%D9%87-%D8%A7%D9%88%D9%84-%D8%AA%D8%AE%D9%84%DB%8C%D9%87_%D8%A2%D9%BE%D8%A7%D8%B1%D8%AA%D9%85%D8%A7%D9%86_%D8%AA%D9%87%D8%B1%D8%A7%D9%86_%D8%B3%D9%84%D8%B3%D8%A8%DB%8C%D9%84_%D8%AF%DB%8C%D9%88%D8%A7%D8%B1/wYdYsKo5
286,9,55 متر ، سرمایه گذاری ،دسترسی و لوکیشن,"۱,۵۸۰,۰۰۰,۰۰۰ تومان",مشاور املاک در جیحون,https://divar.ir/v/55-%D9%85%D8%AA%D8%B1-%D8%B3%D8%B1%D9%85%D8%A7%DB%8C%D9%87-%DA%AF%D8%B0%D8%A7%D8%B1%DB%8C-%D8%AF%D8%B3%D8%AA%D8%B1%D8%B3%DB%8C-%D9%88-%D9%84%D9%88%DA%A9%DB%8C%D8%B4%D9%86_%D8%A2%D9%BE%D8%A7%D8%B1%D8%AA%D9%85%D8%A7%D9%86_%D8%AA%D9%87%D8%B1%D8%A7%D9%86_%D8%AC%DB%8C%D8%AD%D9%88%D9%86_%D8%AF%DB%8C%D9%88%D8%A7%D8%B1/wYLsxCNl
288,11,۶۰متری ۲خواب بر اصلی سی متری جی,"۱,۵۵۰,۰۰۰,۰۰۰ تومان",آژانس املاک در شبیری,https://divar.ir/v/%DB%B6%DB%B0%D9%85%D8%AA%D8%B1%DB%8C-%DB%B2%D8%AE%D9%88%D8%A7%D8%A8-%D8%A8%D8%B1-%D8%A7%D8%B5%D9%84%DB%8C-%D8%B3%DB%8C-%D9%85%D8%AA%D8%B1%DB%8C-%D8%AC%DB%8C_%D8%A2%D9%BE%D8%A7%D8%B1%D8%AA%D9%85%D8%A7%D9%86_%D8%AA%D9%87%D8%B1%D8%A7%D9%86_%D8%B4%D8%A8%DB%8C%D8%B1%DB%8C_%D8%AF%DB%8C%D9%88%D8%A7%D8%B1/wYL0Y04O
289,12,فروش آپارتمان تکواحدی دوخواب جیحون کمیل واقعی,"۱,۶۱۵,۰۰۰,۰۰۰ تومان",آژانس املاک در جیحون,https://divar.ir/v/%D9%81%D8%B1%D9%88%D8%B4-%D8%A2%D9%BE%D8%A7%D8%B1%D8%AA%D9%85%D8%A7%D9%86-%D8%AA%DA%A9%D9%88%D8%A7%D8%AD%D8%AF%DB%8C-%D8%AF%D9%88%D8%AE%D9%88%D8%A7%D8%A8-%D8%AC%DB%8C%D8%AD%D9%88%D9%86-%DA%A9%D9%85%DB%8C%D9%84-%D9%88%D8%A7%D9%82%D8%B9%DB%8C_%D8%A2%D9%BE%D8%A7%D8%B1%D8%AA%D9%85%D8%A7%D9%86_%D8%AA%D9%87%D8%B1%D8%A7%D9%86_%D8%AC%DB%8C%D8%AD%D9%88%D9%86_%D8%AF%DB%8C%D9%88%D8%A7%D8%B1/wYBk-XGB
329,4,آپارتمان ۶۱متری بلورسازی,"۱,۶۵۰,۰۰۰,۰۰۰ تومان",پریروز در بلورسازی,https://divar.ir/v/%D8%A2%D9%BE%D8%A7%D8%B1%D8%AA%D9%85%D8%A7%D9%86-%DB%B6%DB%B1%D9%85%D8%AA%D8%B1%DB%8C-%D8%A8%D9%84%D9%88%D8%B1%D8%B3%D8%A7%D8%B2%DB%8C_%D8%A2%D9%BE%D8%A7%D8%B1%D8%AA%D9%85%D8%A7%D9%86_%D8%AA%D9%87%D8%B1%D8%A7%D9%86_%D8%A8%D9%84%D9%88%D8%B1%D8%B3%D8%A7%D8%B2%DB%8C_%D8%AF%DB%8C%D9%88%D8%A7%D8%B1/wYmAjYke
330,5,اپارتمان 59متری/ شیک/سنددار,"۱,۶۰۰,۰۰۰,۰۰۰ تومان",مشاور املاک در اندیشه (شهر زیبا),https://divar.ir/v/%D8%A7%D9%BE%D8%A7%D8%B1%D8%AA%D9%85%D8%A7%D9%86-59%D9%85%D8%AA%D8%B1%DB%8C-%D8%B4%DB%8C%DA%A9-%D8%B3%D9%86%D8%AF%D8%AF%D8%A7%D8%B1_%D8%A2%D9%BE%D8%A7%D8%B1%D8%AA%D9%85%D8%A7%D9%86_%D8%AA%D9%87%D8%B1%D8%A7%D9%86_%D8%A7%D9%86%D8%AF%DB%8C%D8%B4%D9%87-%D8%B4%D9%87%D8%B1-%D8%B2%DB%8C%D8%A8%D8%A7-_%D8%AF%DB%8C%D9%88%D8%A7%D8%B1/wYdonqJh
331,6,۶۰ متر دو خواب / پارکینگ / پرواز پیچک نبرد,"۱,۶۴۰,۰۰۰,۰۰۰ تومان",آژانس املاک در زاهد گیلانی,https://divar.ir/v/%DB%B6%DB%B0-%D9%85%D8%AA%D8%B1-%D8%AF%D9%88-%D8%AE%D9%88%D8%A7%D8%A8-%D9%BE%D8%A7%D8%B1%DA%A9%DB%8C%D9%86%DA%AF-%D9%BE%D8%B1%D9%88%D8%A7%D8%B2-%D9%BE%DB%8C%DA%86%DA%A9-%D9%86%D8%A8%D8%B1%D8%AF_%D8%A2%D9%BE%D8%A7%D8%B1%D8%AA%D9%85%D8%A7%D9%86_%D8%AA%D9%87%D8%B1%D8%A7%D9%86_%D8%B2%D8%A7%D9%87%D8%AF-%DA%AF%DB%8C%D9%84%D8%A7%D9%86%DB%8C_%D8%AF%DB%8C%D9%88%D8%A7%D8%B1/wYmkr3in
332,7,۵۶متر/۲خواب/غرق در نور,"۱,۶۰۰,۰۰۰,۰۰۰ تومان",مشاور املاک در شکوفه,https://divar.ir/v/%DB%B5%DB%B6%D9%85%D8%AA%D8%B1-%DB%B2%D8%AE%D9%88%D8%A7%D8%A8-%D8%BA%D8%B1%D9%82-%D8%AF%D8%B1-%D9%86%D9%88%D8%B1_%D8%A2%D9%BE%D8%A7%D8%B1%D8%AA%D9%85%D8%A7%D9%86_%D8%AA%D9%87%D8%B1%D8%A7%D9%86_%D8%B4%DA%A9%D9%88%D9%81%D9%87_%D8%AF%DB%8C%D9%88%D8%A7%D8%B1/wYWU_dDs
333,8,60م آپارتمان//مینابی،نفیس,"۱,۵۲۰,۰۰۰,۰۰۰ تومان",مشاور املاک در خاوران,https://divar.ir/v/60%D9%85-%D8%A2%D9%BE%D8%A7%D8%B1%D8%AA%D9%85%D8%A7%D9%86-%D9%85%DB%8C%D9%86%D8%A7%D8%A8%DB%8C-%D9%86%D9%81%DB%8C%D8%B3_%D8%A2%D9%BE%D8%A7%D8%B1%D8%AA%D9%85%D8%A7%D9%86_%D8%AA%D9%87%D8%B1%D8%A7%D9%86_%D8%AE%D8%A7%D9%88%D8%B1%D8%A7%D9%86_%D8%AF%DB%8C%D9%88%D8%A7%D8%B1/wYNYcc0W
334,9,۶۳ متری دو واحدی بدون دیوار مشترک,"۱,۶۳۰,۰۰۰,۰۰۰ تومان",پریروز در فلاح,https://divar.ir/v/%DB%B6%DB%B3-%D9%85%D8%AA%D8%B1%DB%8C-%D8%AF%D9%88-%D9%88%D8%A7%D8%AD%D8%AF%DB%8C-%D8%A8%D8%AF%D9%88%D9%86-%D8%AF%DB%8C%D9%88%D8%A7%D8%B1-%D9%85%D8%B4%D8%AA%D8%B1%DA%A9_%D8%A2%D9%BE%D8%A7%D8%B1%D8%AA%D9%85%D8%A7%D9%86_%D8%AA%D9%87%D8%B1%D8%A7%D9%86_%D9%81%D9%84%D8%A7%D8%AD_%D8%AF%DB%8C%D9%88%D8%A7%D8%B1/wYmwbmkQ
335,10,آپارتمان ۵۸ متری مسعودیه,"۱,۶۰۰,۰۰۰,۰۰۰ تومان",پریروز در مسعودیه,https://divar.ir/v/%D8%A2%D9%BE%D8%A7%D8%B1%D8%AA%D9%85%D8%A7%D9%86-%DB%B5%DB%B8-%D9%85%D8%AA%D8%B1%DB%8C-%D9%85%D8%B3%D8%B9%D9%88%D8%AF%DB%8C%D9%87_%D8%A2%D9%BE%D8%A7%D8%B1%D8%AA%D9%85%D8%A7%D9%86_%D8%AA%D9%87%D8%B1%D8%A7%D9%86_%D9%85%D8%B3%D8%B9%D9%88%D8%AF%DB%8C%D9%87_%D8%AF%DB%8C%D9%88%D8%A7%D8%B1/wYm8rKtj
337,12,خواجه نظام ،55 متر 2خواب، 20متر حیات اختصاصی,"۱,۵۶۰,۰۰۰,۰۰۰ تومان",مشاور املاک در خواجه نظام الملک,https://divar.ir/v/%D8%AE%D9%88%D8%A7%D8%AC%D9%87-%D9%86%D8%B8%D8%A7%D9%85-55-%D9%85%D8%AA%D8%B1-2%D8%AE%D9%88%D8%A7%D8%A8-20%D9%85%D8%AA%D8%B1-%D8%AD%DB%8C%D8%A7%D8%AA-%D8%A7%D8%AE%D8%AA%D8%B5%D8%A7%D8%B5%DB%8C_%D8%A2%D9%BE%D8%A7%D8%B1%D8%AA%D9%85%D8%A7%D9%86_%D8%AA%D9%87%D8%B1%D8%A7%D9%86_%D8%AE%D9%88%D8%A7%D8%AC%D9%87-%D9%86%D8%B8%D8%A7%D9%85-%D8%A7%D9%84%D9%85%D9%84%DA%A9_%D8%AF%DB%8C%D9%88%D8%A7%D8%B1/wYPgJpDJ
338,13,۶۳ متر دوخواب تکواحدی/خزانه علی آباد,"۱,۵۰۰,۰۰۰,۰۰۰ تومان",پریروز در خزانه,https://divar.ir/v/%DB%B6%DB%B3-%D9%85%D8%AA%D8%B1-%D8%AF%D9%88%D8%AE%D9%88%D8%A7%D8%A8-%D8%AA%DA%A9%D9%88%D8%A7%D8%AD%D8%AF%DB%8C-%D8%AE%D8%B2%D8%A7%D9%86%D9%87-%D8%B9%D9%84%DB%8C-%D8%A2%D8%A8%D8%A7%D8%AF_%D8%A2%D9%BE%D8%A7%D8%B1%D8%AA%D9%85%D8%A7%D9%86_%D8%AA%D9%87%D8%B1%D8%A7%D9%86_%D8%AE%D8%B2%D8%A7%D9%86%D9%87_%D8%AF%DB%8C%D9%88%D8%A7%D8%B1/wYLkRPtE
500,2,۶۰متر/۲خواب/باامکانات/سیمتری جی،عربلو,"۱,۶۵۰,۰۰۰,۰۰۰ تومان",آژانس املاک در جی,https://divar.ir/v/%DB%B6%DB%B0%D9%85%D8%AA%D8%B1-%DB%B2%D8%AE%D9%88%D8%A7%D8%A8-%D8%A8%D8%A7%D8%A7%D9%85%DA%A9%D8%A7%D9%86%D8%A7%D8%AA-%D8%B3%DB%8C%D9%85%D8%AA%D8%B1%DB%8C-%D8%AC%DB%8C-%D8%B9%D8%B1%D8%A8%D9%84%D9%88_%D8%A2%D9%BE%D8%A7%D8%B1%D8%AA%D9%85%D8%A7%D9%86_%D8%AA%D9%87%D8%B1%D8%A7%D9%86_%D8%AC%DB%8C_%D8%AF%DB%8C%D9%88%D8%A7%D8%B1/wYYI6x0t
502,4,آپارتمان ۶۰ متری,"۱,۵۰۰,۰۰۰,۰۰۰ تومان",هفتهٔ پیش در خانی‌آباد,https://divar.ir/v/%D8%A2%D9%BE%D8%A7%D8%B1%D8%AA%D9%85%D8%A7%D9%86-%DB%B6%DB%B0-%D9%85%D8%AA%D8%B1%DB%8C_%D8%A2%D9%BE%D8%A7%D8%B1%D8%AA%D9%85%D8%A7%D9%86_%D8%AA%D9%87%D8%B1%D8%A7%D9%86_%D8%AE%D8%A7%D9%86%DB%8C-%D8%A2%D8%A8%D8%A7%D8%AF_%D8%AF%DB%8C%D9%88%D8%A7%D8%B1/wYZEq-48
503,5,56متر/سلسبیل/سپه(2 خواب),"۱,۶۳۰,۰۰۰,۰۰۰ تومان",آژانس املاک در سلسبیل,https://divar.ir/v/56%D9%85%D8%AA%D8%B1-%D8%B3%D9%84%D8%B3%D8%A8%DB%8C%D9%84-%D8%B3%D9%BE%D9%87-2-%D8%AE%D9%88%D8%A7%D8%A8-_%D8%A2%D9%BE%D8%A7%D8%B1%D8%AA%D9%85%D8%A7%D9%86_%D8%AA%D9%87%D8%B1%D8%A7%D9%86_%D8%B3%D9%84%D8%B3%D8%A8%DB%8C%D9%84_%D8%AF%DB%8C%D9%88%D8%A7%D8%B1/wYY42PlD
504,6,۶۲ متر همکف تک واحدی بازسازی کامل//خوش،کمیل,"۱,۶۵۰,۰۰۰,۰۰۰ تومان",آژانس املاک در سلسبیل,https://divar.ir/v/%DB%B6%DB%B2-%D9%85%D8%AA%D8%B1-%D9%87%D9%85%DA%A9%D9%81-%D8%AA%DA%A9-%D9%88%D8%A7%D8%AD%D8%AF%DB%8C-%D8%A8%D8%A7%D8%B2%D8%B3%D8%A7%D8%B2%DB%8C-%DA%A9%D8%A7%D9%85%D9%84-%D8%AE%D9%88%D8%B4-%DA%A9%D9%85%DB%8C%D9%84_%D8%A2%D9%BE%D8%A7%D8%B1%D8%AA%D9%85%D8%A7%D9%86_%D8%AA%D9%87%D8%B1%D8%A7%D9%86_%D8%B3%D9%84%D8%B3%D8%A8%DB%8C%D9%84_%D8%AF%DB%8C%D9%88%D8%A7%D8%B1/wYTYj4EA
505,7,استادمعین نزدیک میدان آزادی ۵۶متر پارکینگدار,"۱,۶۵۰,۰۰۰,۰۰۰ تومان",آژانس املاک در استاد معین,https://divar.ir/v/%D8%A7%D8%B3%D8%AA%D8%A7%D8%AF%D9%85%D8%B9%DB%8C%D9%86-%D9%86%D8%B2%D8%AF%DB%8C%DA%A9-%D9%85%DB%8C%D8%AF%D8%A7%D9%86-%D8%A2%D8%B2%D8%A7%D8%AF%DB%8C-%DB%B5%DB%B6%D9%85%D8%AA%D8%B1-%D9%BE%D8%A7%D8%B1%DA%A9%DB%8C%D9%86%DA%AF%D8%AF%D8%A7%D8%B1_%D8%A2%D9%BE%D8%A7%D8%B1%D8%AA%D9%85%D8%A7%D9%86_%D8%AA%D9%87%D8%B1%D8%A7%D9%86_%D8%A7%D8%B3%D8%AA%D8%A7%D8%AF-%D9%85%D8%B9%DB%8C%D9%86_%D8%AF%DB%8C%D9%88%D8%A7%D8%B1/wYZA_U05
507,9,62متر/2خواب/تکواحدی/فول امکانات/تاپ لوکیشن,"۱,۶۵۰,۰۰۰,۰۰۰ تومان",مشاور املاک در جیحون,https://divar.ir/v/62%D9%85%D8%AA%D8%B1-2%D8%AE%D9%88%D8%A7%D8%A8-%D8%AA%DA%A9%D9%88%D8%A7%D8%AD%D8%AF%DB%8C-%D9%81%D9%88%D9%84-%D8%A7%D9%85%DA%A9%D8%A7%D9%86%D8%A7%D8%AA-%D8%AA%D8%A7%D9%BE-%D9%84%D9%88%DA%A9%DB%8C%D8%B4%D9%86_%D8%A2%D9%BE%D8%A7%D8%B1%D8%AA%D9%85%D8%A7%D9%86_%D8%AA%D9%87%D8%B1%D8%A7%D9%86_%D8%AC%DB%8C%D8%AD%D9%88%D9%86_%D8%AF%DB%8C%D9%88%D8%A7%D8%B1/wYTUkQT5
552,6,۶۳ متر ،جیحون,"۱,۵۹۰,۰۰۰,۰۰۰ تومان",آژانس املاک در جیحون,https://divar.ir/v/%DB%B6%DB%B3-%D9%85%D8%AA%D8%B1-%D8%AC%DB%8C%D8%AD%D9%88%D9%86_%D8%A2%D9%BE%D8%A7%D8%B1%D8%AA%D9%85%D8%A7%D9%86_%D8%AA%D9%87%D8%B1%D8%A7%D9%86_%D8%AC%DB%8C%D8%AD%D9%88%D9%86_%D8%AF%DB%8C%D9%88%D8%A7%D8%B1/wYEA3L1o
553,7,امیریه محمودیان 60متر تک واحدی دو خواب,"۱,۶۵۰,۰۰۰,۰۰۰ تومان",آژانس املاک در امیریه,https://divar.ir/v/%D8%A7%D9%85%DB%8C%D8%B1%DB%8C%D9%87-%D9%85%D8%AD%D9%85%D9%88%D8%AF%DB%8C%D8%A7%D9%86-60%D9%85%D8%AA%D8%B1-%D8%AA%DA%A9-%D9%88%D8%A7%D8%AD%D8%AF%DB%8C-%D8%AF%D9%88-%D8%AE%D9%88%D8%A7%D8%A8_%D8%A2%D9%BE%D8%A7%D8%B1%D8%AA%D9%85%D8%A7%D9%86_%D8%AA%D9%87%D8%B1%D8%A7%D9%86_%D8%A7%D9%85%DB%8C%D8%B1%DB%8C%D9%87_%D8%AF%DB%8C%D9%88%D8%A7%D8%B1/wYEQ4Oyl
562,4,59متر دو خواب/آسانسور دار/خوش نقشه سالن پرده خور,"۱,۶۰۰,۰۰۰,۰۰۰ تومان",آژانس املاک در جیحون,https://divar.ir/v/59%D9%85%D8%AA%D8%B1-%D8%AF%D9%88-%D8%AE%D9%88%D8%A7%D8%A8-%D8%A2%D8%B3%D8%A7%D9%86%D8%B3%D9%88%D8%B1-%D8%AF%D8%A7%D8%B1-%D8%AE%D9%88%D8%B4-%D9%86%D9%82%D8%B4%D9%87-%D8%B3%D8%A7%D9%84%D9%86-%D9%BE%D8%B1%D8%AF%D9%87-%D8%AE%D9%88%D8%B1_%D8%A2%D9%BE%D8%A7%D8%B1%D8%AA%D9%85%D8%A7%D9%86_%D8%AA%D9%87%D8%B1%D8%A7%D9%86_%D8%AC%DB%8C%D8%AD%D9%88%D9%86_%D8%AF%DB%8C%D9%88%D8%A7%D8%B1/wYfIx8_w
564,6,۵۹متر/تکواحد/پکیج کولرگازی/پارکینگ سندی,"۱,۶۰۰,۰۰۰,۰۰۰ تومان",مشاور املاک در اندیشه (شهر زیبا),https://divar.ir/v/%DB%B5%DB%B9%D9%85%D8%AA%D8%B1-%D8%AA%DA%A9%D9%88%D8%A7%D8%AD%D8%AF-%D9%BE%DA%A9%DB%8C%D8%AC-%DA%A9%D9%88%D9%84%D8%B1%DA%AF%D8%A7%D8%B2%DB%8C-%D9%BE%D8%A7%D8%B1%DA%A9%DB%8C%D9%86%DA%AF-%D8%B3%D9%86%D8%AF%DB%8C_%D8%A2%D9%BE%D8%A7%D8%B1%D8%AA%D9%85%D8%A7%D9%86_%D8%AA%D9%87%D8%B1%D8%A7%D9%86_%D8%A7%D9%86%D8%AF%DB%8C%D8%B4%D9%87-%D8%B4%D9%87%D8%B1-%D8%B2%DB%8C%D8%A8%D8%A7-_%D8%AF%DB%8C%D9%88%D8%A7%D8%B1/wYfwVxMa
565,7,63متر/پارکینگ دار/دو خواب /خرمشهر شمالی,"۱,۵۰۰,۰۰۰,۰۰۰ تومان",آژانس املاک در نواب,https://divar.ir/v/63%D9%85%D8%AA%D8%B1-%D9%BE%D8%A7%D8%B1%DA%A9%DB%8C%D9%86%DA%AF-%D8%AF%D8%A7%D8%B1-%D8%AF%D9%88-%D8%AE%D9%88%D8%A7%D8%A8-%D8%AE%D8%B1%D9%85%D8%B4%D9%87%D8%B1-%D8%B4%D9%85%D8%A7%D9%84%DB%8C_%D8%A2%D9%BE%D8%A7%D8%B1%D8%AA%D9%85%D8%A7%D9%86_%D8%AA%D9%87%D8%B1%D8%A7%D9%86_%D9%86%D9%88%D8%A7%D8%A8_%D8%AF%DB%8C%D9%88%D8%A7%D8%B1/wYZUohh-
566,8,۶۱متر دو خواب//فول بازسازی//کمیل,"۱,۶۱۰,۰۰۰,۰۰۰ تومان",آژانس املاک در سلسبیل,https://divar.ir/v/%DB%B6%DB%B1%D9%85%D8%AA%D8%B1-%D8%AF%D9%88-%D8%AE%D9%88%D8%A7%D8%A8-%D9%81%D9%88%D9%84-%D8%A8%D8%A7%D8%B2%D8%B3%D8%A7%D8%B2%DB%8C-%DA%A9%D9%85%DB%8C%D9%84_%D8%A2%D9%BE%D8%A7%D8%B1%D8%AA%D9%85%D8%A7%D9%86_%D8%AA%D9%87%D8%B1%D8%A7%D9%86_%D8%B3%D9%84%D8%B3%D8%A8%DB%8C%D9%84_%D8%AF%DB%8C%D9%88%D8%A7%D8%B1/wYEMsu5F
567,9,۶۰ متری/ دو خوابه/ فول بازسازی/ تکواحدی/مینا شمالی,"۱,۵۵۰,۰۰۰,۰۰۰ تومان",مشاور املاک در شکوفه,https://divar.ir/v/%DB%B6%DB%B0-%D9%85%D8%AA%D8%B1%DB%8C-%D8%AF%D9%88-%D8%AE%D9%88%D8%A7%D8%A8%D9%87-%D9%81%D9%88%D9%84-%D8%A8%D8%A7%D8%B2%D8%B3%D8%A7%D8%B2%DB%8C-%D8%AA%DA%A9%D9%88%D8%A7%D8%AD%D8%AF%DB%8C-%D9%85%DB%8C%D9%86%D8%A7-%D8%B4%D9%85%D8%A7%D9%84%DB%8C_%D8%A2%D9%BE%D8%A7%D8%B1%D8%AA%D9%85%D8%A7%D9%86_%D8%AA%D9%87%D8%B1%D8%A7%D9%86_%D8%B4%DA%A9%D9%88%D9%81%D9%87_%D8%AF%DB%8C%D9%88%D8%A7%D8%B1/gY37UPkt
568,10,62متر/مختاری غربی/بازسازی شده,"۱,۵۹۰,۰۰۰,۰۰۰ تومان",آژانس املاک در امیریه,https://divar.ir/v/62%D9%85%D8%AA%D8%B1-%D9%85%D8%AE%D8%AA%D8%A7%D8%B1%DB%8C-%D8%BA%D8%B1%D8%A8%DB%8C-%D8%A8%D8%A7%D8%B2%D8%B3%D8%A7%D8%B2%DB%8C-%D8%B4%D8%AF%D9%87_%D8%A2%D9%BE%D8%A7%D8%B1%D8%AA%D9%85%D8%A7%D9%86_%D8%AA%D9%87%D8%B1%D8%A7%D9%86_%D8%A7%D9%85%DB%8C%D8%B1%DB%8C%D9%87_%D8%AF%DB%8C%D9%88%D8%A7%D8%B1/wYbMzmnX
569,11,۶۰متر/دوخواب/فول بازسازی,"۱,۶۲۰,۰۰۰,۰۰۰ تومان",آژانس املاک در جیحون,https://divar.ir/v/%DB%B6%DB%B0%D9%85%D8%AA%D8%B1-%D8%AF%D9%88%D8%AE%D9%88%D8%A7%D8%A8-%D9%81%D9%88%D9%84-%D8%A8%D8%A7%D8%B2%D8%B3%D8%A7%D8%B2%DB%8C_%D8%A2%D9%BE%D8%A7%D8%B1%D8%AA%D9%85%D8%A7%D9%86_%D8%AA%D9%87%D8%B1%D8%A7%D9%86_%D8%AC%DB%8C%D8%AD%D9%88%D9%86_%D8%AF%DB%8C%D9%88%D8%A7%D8%B1/wYe4MX4-
570,12,۵۷متر / ۲خواب / خوش نقشه / رنجبر,"۱,۶۵۰,۰۰۰,۰۰۰ تومان",آژانس املاک در جی,https://divar.ir/v/%DB%B5%DB%B7%D9%85%D8%AA%D8%B1-%DB%B2%D8%AE%D9%88%D8%A7%D8%A8-%D8%AE%D9%88%D8%B4-%D9%86%D9%82%D8%B4%D9%87-%D8%B1%D9%86%D8%AC%D8%A8%D8%B1_%D8%A2%D9%BE%D8%A7%D8%B1%D8%AA%D9%85%D8%A7%D9%86_%D8%AA%D9%87%D8%B1%D8%A7%D9%86_%D8%AC%DB%8C_%D8%AF%DB%8C%D9%88%D8%A7%D8%B1/wYaEwmnD
571,13,۶۱ متر دوخواب سرمایه گذاری خوش قبل مالک,"۱,۶۱۰,۰۰۰,۰۰۰ تومان",مشاور املاک در سلسبیل,https://divar.ir/v/%DB%B6%DB%B1-%D9%85%D8%AA%D8%B1-%D8%AF%D9%88%D8%AE%D9%88%D8%A7%D8%A8-%D8%B3%D8%B1%D9%85%D8%A7%DB%8C%D9%87-%DA%AF%D8%B0%D8%A7%D8%B1%DB%8C-%D8%AE%D9%88%D8%B4-%D9%82%D8%A8%D9%84-%D9%85%D8%A7%D9%84%DA%A9_%D8%A2%D9%BE%D8%A7%D8%B1%D8%AA%D9%85%D8%A7%D9%86_%D8%AA%D9%87%D8%B1%D8%A7%D9%86_%D8%B3%D9%84%D8%B3%D8%A8%DB%8C%D9%84_%D8%AF%DB%8C%D9%88%D8%A7%D8%B1/wYgYYOOP
572,14,56متری/دو خوابه/خوش نقشه/سلسبیل،سپه,"۱,۶۲۰,۰۰۰,۰۰۰ تومان",آژانس املاک در سلسبیل,https://divar.ir/v/56%D9%85%D8%AA%D8%B1%DB%8C-%D8%AF%D9%88-%D8%AE%D9%88%D8%A7%D8%A8%D9%87-%D8%AE%D9%88%D8%B4-%D9%86%D9%82%D8%B4%D9%87-%D8%B3%D9%84%D8%B3%D8%A8%DB%8C%D9%84-%D8%B3%D9%BE%D9%87_%D8%A2%D9%BE%D8%A7%D8%B1%D8%AA%D9%85%D8%A7%D9%86_%D8%AA%D9%87%D8%B1%D8%A7%D9%86_%D8%B3%D9%84%D8%B3%D8%A8%DB%8C%D9%84_%D8%AF%DB%8C%D9%88%D8%A7%D8%B1/wYc8YOiZ
574,16,59متر / دوخواب / ترکیبی از نور و نقشه/ قصرالدشت,"۱,۵۶۵,۰۰۰,۰۰۰ تومان",آژانس املاک در سلسبیل,https://divar.ir/v/59%D9%85%D8%AA%D8%B1-%D8%AF%D9%88%D8%AE%D9%88%D8%A7%D8%A8-%D8%AA%D8%B1%DA%A9%DB%8C%D8%A8%DB%8C-%D8%A7%D8%B2-%D9%86%D9%88%D8%B1-%D9%88-%D9%86%D9%82%D8%B4%D9%87-%D9%82%D8%B5%D8%B1%D8%A7%D9%84%D8%AF%D8%B4%D8%AA_%D8%A2%D9%BE%D8%A7%D8%B1%D8%AA%D9%85%D8%A7%D9%86_%D8%AA%D9%87%D8%B1%D8%A7%D9%86_%D8%B3%D9%84%D8%B3%D8%A8%DB%8C%D9%84_%D8%AF%DB%8C%D9%88%D8%A7%D8%B1/wYhMmxrt
575,17,۶۳ متر دو خوابه جنوبی,"۱,۵۰۰,۰۰۰,۰۰۰ تومان",۶ روز پیش در مشیریه,https://divar.ir/v/%DB%B6%DB%B3-%D9%85%D8%AA%D8%B1-%D8%AF%D9%88-%D8%AE%D9%88%D8%A7%D8%A8%D9%87-%D8%AC%D9%86%D9%88%D8%A8%DB%8C_%D8%A2%D9%BE%D8%A7%D8%B1%D8%AA%D9%85%D8%A7%D9%86_%D8%AA%D9%87%D8%B1%D8%A7%D9%86_%D9%85%D8%B4%DB%8C%D8%B1%DB%8C%D9%87_%D8%AF%DB%8C%D9%88%D8%A7%D8%B1/wYhAX9ZD
616,8,۶۰متر/فوق خوش نقشه/۲خواب,"۱,۶۵۰,۰۰۰,۰۰۰ تومان",آژانس املاک در سبلان,https://divar.ir/v/%DB%B6%DB%B0%D9%85%D8%AA%D8%B1-%D9%81%D9%88%D9%82-%D8%AE%D9%88%D8%B4-%D9%86%D9%82%D8%B4%D9%87-%DB%B2%D8%AE%D9%88%D8%A7%D8%A8_%D8%A2%D9%BE%D8%A7%D8%B1%D8%AA%D9%85%D8%A7%D9%86_%D8%AA%D9%87%D8%B1%D8%A7%D9%86_%D8%B3%D8%A8%D9%84%D8%A7%D9%86_%D8%AF%DB%8C%D9%88%D8%A7%D8%B1/wYMwlNCu
664,8,آپارتمان۵۵متری/تک واحدی/دوخواب/پیروزی/پاسدارگمنان,"۱,۵۹۰,۰۰۰,۰۰۰ تومان",مشاور املاک در پیروزی,https://divar.ir/v/%D8%A2%D9%BE%D8%A7%D8%B1%D8%AA%D9%85%D8%A7%D9%86%DB%B5%DB%B5%D9%85%D8%AA%D8%B1%DB%8C-%D8%AA%DA%A9-%D9%88%D8%A7%D8%AD%D8%AF%DB%8C-%D8%AF%D9%88%D8%AE%D9%88%D8%A7%D8%A8-%D9%BE%DB%8C%D8%B1%D9%88%D8%B2%DB%8C-%D9%BE%D8%A7%D8%B3%D8%AF%D8%A7%D8%B1%DA%AF%D9%85%D9%86%D8%A7%D9%86_%D8%A2%D9%BE%D8%A7%D8%B1%D8%AA%D9%85%D8%A7%D9%86_%D8%AA%D9%87%D8%B1%D8%A7%D9%86_%D9%BE%DB%8C%D8%B1%D9%88%D8%B2%DB%8C_%D8%AF%DB%8C%D9%88%D8%A7%D8%B1/gY8LJOsJ
665,9,آپارتمان 60 متری دو خواب سند تک برگ,"۱,۵۳۰,۰۰۰,۰۰۰ تومان",مشاور املاک در جوادیه تهرانپارس,https://divar.ir/v/%D8%A2%D9%BE%D8%A7%D8%B1%D8%AA%D9%85%D8%A7%D9%86-60-%D9%85%D8%AA%D8%B1%DB%8C-%D8%AF%D9%88-%D8%AE%D9%88%D8%A7%D8%A8-%D8%B3%D9%86%D8%AF-%D8%AA%DA%A9-%D8%A8%D8%B1%DA%AF_%D8%A2%D9%BE%D8%A7%D8%B1%D8%AA%D9%85%D8%A7%D9%86_%D8%AA%D9%87%D8%B1%D8%A7%D9%86_%D8%AC%D9%88%D8%A7%D8%AF%DB%8C%D9%87-%D8%AA%D9%87%D8%B1%D8%A7%D9%86%D9%BE%D8%A7%D8%B1%D8%B3_%D8%AF%DB%8C%D9%88%D8%A7%D8%B1/wYYcaj8V
